dnt,tem,lw,rh,dew
4/23/2019 9:00,67.8,0,55.6,51.3
4/23/2019 10:00,72.8,0,44.3,49.8
4/23/2019 11:00,76.1,0,41.8,51.2
4/23/2019 12:00,79,0,38.7,51.7
4/23/2019 13:00,81.8,0,33.6,50.4
4/23/2019 14:00,83,0,30.7,49
4/23/2019 15:00,85,0,30.2,50.3
4/23/2019 16:00,85,0,31.1,51.1
4/23/2019 17:00,84.5,0,29.1,48.8
4/23/2019 18:00,83.4,0,30.1,48.8
4/23/2019 19:00,81.2,0,31.1,47.8
4/23/2019 20:00,76.1,0,38.8,49.2
4/23/2019 21:00,71.7,0,44.2,48.7
4/23/2019 22:00,67.8,0,54,50.5
4/23/2019 23:00,64.6,0,60.9,50.8
4/24/2019 0:00,62.5,0,68.6,52
4/24/2019 1:00,61.4,0,70.4,51.7
4/24/2019 2:00,58.7,0,78.5,52
4/24/2019 3:00,57.5,0,80.8,51.6
4/24/2019 4:00,57.7,0,80.2,51.6
4/24/2019 5:00,56.1,0,82.3,50.8
4/24/2019 6:00,55,0,83.8,50.2
4/24/2019 7:00,55,0,86.5,51
4/24/2019 8:00,61.1,0,81,55.2
4/24/2019 9:00,68.7,0,63.1,55.6
4/24/2019 10:00,74.8,0,47.9,53.7
4/24/2019 11:00,78.7,0,41,53
4/24/2019 12:00,82.3,0,39.8,55.4
4/24/2019 13:00,86,0,32.8,53.4
4/24/2019 14:00,87.8,0,27.3,50
4/24/2019 15:00,88.8,0,26.2,49.7
4/24/2019 16:00,89.4,0,26,50
4/24/2019 17:00,89,0,26.1,49.8
4/24/2019 18:00,87.8,0,25.8,48.4
4/24/2019 19:00,84.1,0,31.7,50.8
4/24/2019 20:00,78.5,0,43.2,54.3
4/24/2019 21:00,73,0,53.6,55.2
4/24/2019 22:00,70.3,0,59.5,55.5
4/24/2019 23:00,69,0,62.5,55.7
4/25/2019 0:00,66.7,0,66.3,55.1
4/25/2019 1:00,64.4,0,70.2,54.5
4/25/2019 2:00,62.5,0,76.4,55
4/25/2019 3:00,60.7,0.2,80.7,54.7
4/25/2019 4:00,58.9,0.2,82.9,53.7
4/25/2019 5:00,57.7,0.1,84,52.9
4/25/2019 6:00,59.1,0,80.3,53
4/25/2019 7:00,58.4,0,83.3,53.4
4/25/2019 8:00,63.7,0,79.5,57.2
4/25/2019 9:00,71.3,0,59,56.2
4/25/2019 10:00,76.8,0,51.1,57.4
4/25/2019 11:00,81.4,0,45.3,58.2
4/25/2019 12:00,84.8,0,42,59.2
4/25/2019 13:00,87.8,0,39.5,60.1
4/25/2019 14:00,90.6,0,36.3,60.2
4/25/2019 15:00,91.9,0,30.5,56.5
4/25/2019 16:00,91.7,0,30.5,56.3
4/25/2019 17:00,91.4,0,29.6,55.2
4/25/2019 18:00,90.4,0,28.5,53.3
4/25/2019 19:00,87.6,0,31.7,53.8
4/25/2019 20:00,82.1,0,37.4,53.5
4/25/2019 21:00,78.1,0,40.3,52
4/25/2019 22:00,74.5,0,47.6,53.3
4/25/2019 23:00,72.3,0,51.6,53.5
4/26/2019 0:00,69.6,0,57.4,53.9
4/26/2019 1:00,70.3,0,58.4,55
4/26/2019 2:00,66.6,0,65.5,54.7
4/26/2019 3:00,63.6,0,71.4,54.2
4/26/2019 4:00,60.9,0,77,53.6
4/26/2019 5:00,59.1,0,81.8,53.5
4/26/2019 6:00,58.9,0,84.8,54.3
4/26/2019 7:00,59.3,0,85.8,55
4/26/2019 8:00,64.4,0,80.9,58.4
4/26/2019 9:00,70.4,0,69,59.7
4/26/2019 10:00,75.9,0,57.6,59.9
4/26/2019 11:00,78.3,0,51.6,59
4/26/2019 12:00,81.6,0,47.1,59.5
4/26/2019 13:00,85.4,0,44.8,61.5
4/26/2019 14:00,88,0,39.4,60.2
4/26/2019 15:00,90.2,0,32.4,56.7
4/26/2019 16:00,91,0,26.8,52.2
4/26/2019 17:00,90,0,25.5,50
4/26/2019 18:00,88.6,0,24.5,47.7
4/26/2019 19:00,86.2,0,25.7,47
4/26/2019 20:00,79.4,0,33.1,47.9
4/26/2019 21:00,77.2,0,32.7,45.6
4/26/2019 22:00,74.8,0,37.2,46.9
4/26/2019 23:00,69,0,46.3,47.5
4/27/2019 0:00,65.3,0,55.6,49
4/27/2019 1:00,64.8,0,61.8,51.4
4/27/2019 2:00,62.8,0,65.1,50.9
4/27/2019 3:00,59.5,0,73.2,50.9
4/27/2019 4:00,57.5,0,77.3,50.4
4/27/2019 5:00,55.5,0,81.8,50
4/27/2019 6:00,54.6,0,84.9,50.1
4/27/2019 7:00,55,0,87.5,51.4
4/27/2019 8:00,60.2,0,81.7,54.6
4/27/2019 9:00,65.3,0,71.4,55.8
4/27/2019 10:00,69.9,0,61.5,56.1
4/27/2019 11:00,73.9,0,54.2,56.3
4/27/2019 12:00,77.2,0,48.8,56.4
4/27/2019 13:00,81.9,0,43.4,57.5
4/27/2019 14:00,83.6,0,39.9,56.7
4/27/2019 15:00,83,0,39.4,55.8
4/27/2019 16:00,83.6,0,39.5,56.4
4/27/2019 17:00,84.3,0,33.7,52.6
4/27/2019 18:00,84.3,0,27.7,47.4
4/27/2019 19:00,81.8,0,28.7,46.2
4/27/2019 20:00,76.7,0,34.4,46.5
4/27/2019 21:00,72.1,0,34.8,42.8
4/27/2019 22:00,67.8,0,39.8,42.5
4/27/2019 23:00,64.8,0,47.5,44.4
4/28/2019 0:00,62.3,0,53.8,45.3
4/28/2019 1:00,62.3,0,58.7,47.6
4/28/2019 2:00,59.1,0,65.6,47.6
4/28/2019 3:00,57.3,0,69.3,47.3
4/28/2019 4:00,55.2,0,74.3,47.2
4/28/2019 5:00,52.5,0,79.4,46.3
4/28/2019 6:00,51.1,0,83.5,46.3
4/28/2019 7:00,51.4,0,87.4,47.8
4/28/2019 8:00,56.2,0,84.9,51.7
4/28/2019 9:00,62.5,0,74.6,54.3
4/28/2019 10:00,68,0,63.1,55
4/28/2019 11:00,72.3,0,57.5,56.5
4/28/2019 12:00,76.5,0,48.1,55.4
4/28/2019 13:00,81,0,39.3,53.9
4/28/2019 14:00,83.4,0,31.3,49.8
4/28/2019 15:00,84.1,0,27.8,47.3
4/28/2019 16:00,84.8,0,26.1,46.2
4/28/2019 17:00,83.9,0,25.7,45
4/28/2019 18:00,83,0,27.5,46.1
4/28/2019 19:00,78.9,0,32.9,47.3
4/28/2019 20:00,75.2,0,34.6,45.4
4/28/2019 21:00,72.3,0,35.6,43.5
4/28/2019 22:00,69.2,0,39.3,43.4
4/28/2019 23:00,67.1,0,47.4,46.4
4/29/2019 0:00,66.6,0,51.9,48.4
4/29/2019 1:00,63.9,0,58.6,49.1
4/29/2019 2:00,60.9,0,62.8,48.1
4/29/2019 3:00,58.9,0,69.3,48.9
4/29/2019 4:00,58,0,74.4,49.9
4/29/2019 5:00,58,0,74.3,49.9
4/29/2019 6:00,56.8,0,77.7,49.9
4/29/2019 7:00,56.6,0,80.7,50.7
4/29/2019 8:00,59.1,0,76.7,51.8
4/29/2019 9:00,60.3,0,73.8,51.9
4/29/2019 10:00,65.5,0,63.5,52.8
4/29/2019 11:00,68.2,0,58.7,53.2
4/29/2019 12:00,71.3,0,50,51.7
4/29/2019 13:00,73.9,0,45.4,51.5
4/29/2019 14:00,75.7,0,40.2,49.8
4/29/2019 15:00,76.5,0,38.4,49.3
4/29/2019 16:00,77.4,0,37.9,49.7
4/29/2019 17:00,76.7,0,37.3,48.7
4/29/2019 18:00,76.1,0,38.2,48.8
4/29/2019 19:00,74.6,0,40,48.7
4/29/2019 20:00,70.1,0,47.8,49.4
4/29/2019 21:00,65.3,0,60.4,51.2
4/29/2019 22:00,63.7,0,61.6,50.3
4/29/2019 23:00,61.2,0,63.7,48.8
4/30/2019 0:00,59.1,0,68.1,48.6
4/30/2019 1:00,57,0,71.6,47.9
4/30/2019 2:00,56.1,0,74.7,48.2
4/30/2019 3:00,55,0,77.4,48.1
4/30/2019 4:00,54.3,0,79.4,48.1
4/30/2019 5:00,53.6,0,79.7,47.5
4/30/2019 6:00,52.9,0,80.9,47.2
4/30/2019 7:00,52.9,0,81.7,47.5
4/30/2019 8:00,55.7,0,77.2,48.7
4/30/2019 9:00,59.5,0,70.8,50
4/30/2019 10:00,62.7,0,64.3,50.5
4/30/2019 11:00,65.2,0,58.5,50.3
4/30/2019 12:00,67.6,0,55.2,51
4/30/2019 13:00,70.4,0,49,50.3
4/30/2019 14:00,72.1,0,43.8,48.9
4/30/2019 15:00,73.4,0,42.8,49.4
4/30/2019 16:00,72.3,0,43,48.5
4/30/2019 17:00,73,0,42.4,48.8
4/30/2019 18:00,70.1,0,45.8,48.2
4/30/2019 19:00,69.4,0,51.4,50.7
4/30/2019 20:00,66.9,0,55.2,50.3
4/30/2019 21:00,64.1,0,56.9,48.5
4/30/2019 22:00,62,0,58.1,47.1
4/30/2019 23:00,59.8,0,61.4,46.5
5/1/2019 0:00,57.8,0,63.8,45.6
5/1/2019 1:00,55.9,0,66.7,45
5/1/2019 2:00,53,0,73.1,44.6
5/1/2019 3:00,52,0,76.6,44.9
5/1/2019 4:00,50.5,0,79,44.2
5/1/2019 5:00,48.6,0,83,43.7
5/1/2019 6:00,47.5,0,85.4,43.3
5/1/2019 7:00,48.2,0,87.9,44.8
5/1/2019 8:00,53.2,0,85.6,49
5/1/2019 9:00,58.2,0,73.7,49.8
5/1/2019 10:00,62.7,0,65.1,50.8
5/1/2019 11:00,66.4,0,59,51.6
5/1/2019 12:00,69.2,0,51.1,50.3
5/1/2019 13:00,72.3,0,44.4,49.4
5/1/2019 14:00,73.9,0,40,48
5/1/2019 15:00,75,0,37.2,47.1
5/1/2019 16:00,75.4,0,35.9,46.5
5/1/2019 17:00,74.6,0,34.3,44.6
5/1/2019 18:00,73.5,0,34.4,43.7
5/1/2019 19:00,71.9,0,36.1,43.6
5/1/2019 20:00,68.3,0,38.8,42.2
5/1/2019 21:00,65.5,0,42.4,42
5/1/2019 22:00,61.8,0,49.3,42.6
5/1/2019 23:00,58.6,0,55.2,42.6
5/2/2019 0:00,56.4,0,63.2,44
5/2/2019 1:00,55,0,65.8,43.8
5/2/2019 2:00,54.6,0,65,43.1
5/2/2019 3:00,52.9,0,69.8,43.3
5/2/2019 4:00,50.5,0,74.8,42.8
5/2/2019 5:00,49.2,0,79.5,43.1
5/2/2019 6:00,48.4,0,81.5,43
5/2/2019 7:00,48.2,0,84.2,43.7
5/2/2019 8:00,53.9,0,77.9,47.2
5/2/2019 9:00,60.5,0,68.1,49.9
5/2/2019 10:00,65.7,0,57.2,50.1
5/2/2019 11:00,69.7,0,49.5,50
5/2/2019 12:00,73.2,0,42.5,49
5/2/2019 13:00,76.3,0,36.2,47.5
5/2/2019 14:00,78.3,0,31.4,45.5
5/2/2019 15:00,79.2,0,29.3,44.5
5/2/2019 16:00,80.1,0,27.7,43.8
5/2/2019 17:00,78.5,0,26.6,41.3
5/2/2019 18:00,77.9,0,25.5,39.7
5/2/2019 19:00,75.7,0,25.5,37.9
5/2/2019 20:00,69.6,0,30.2,36.9
5/2/2019 21:00,65,0,39,39.4
5/2/2019 22:00,64.1,0,41.8,40.4
5/2/2019 23:00,62,0,45.3,40.6
5/3/2019 0:00,58.9,0,53.6,42.1
5/3/2019 1:00,57,0,59.7,43.1
5/3/2019 2:00,54.5,0,65.1,43
5/3/2019 3:00,54.1,0,65.1,42.6
5/3/2019 4:00,51.6,0,71.8,42.8
5/3/2019 5:00,49.2,0,77.8,42.6
5/3/2019 6:00,48.2,0,80.9,42.6
5/3/2019 7:00,49.7,0,84,45.1
5/3/2019 8:00,55.4,0,76.2,48
5/3/2019 9:00,61.6,0,65.3,49.8
5/3/2019 10:00,68.5,0,50.4,49.3
5/3/2019 11:00,73.2,0,41.4,48.3
5/3/2019 12:00,76.5,0,37.9,48.9
5/3/2019 13:00,79.8,0,33.1,48.2
5/3/2019 14:00,81.8,0,30.1,47.4
5/3/2019 15:00,82.3,0,29.2,47
5/3/2019 16:00,83.2,0,28,46.7
5/3/2019 17:00,81.9,0,27.5,45.1
5/3/2019 18:00,81,0,26,42.9
5/3/2019 19:00,79.8,0,25.2,41
5/3/2019 20:00,73.2,0,30.5,40.3
5/3/2019 21:00,69.4,0,33.1,39.1
5/3/2019 22:00,65.3,0,39.2,39.8
5/3/2019 23:00,64.1,0,38.3,38.2
5/4/2019 0:00,61.6,0,41.5,38
5/4/2019 1:00,57.8,0,47.4,37.9
5/4/2019 2:00,56.2,0,51,38.3
5/4/2019 3:00,53.6,0,57.6,39
5/4/2019 4:00,51.4,0,65.1,40.1
5/4/2019 5:00,49.9,0,70.4,40.6
5/4/2019 6:00,49.2,0,71.9,40.5
5/4/2019 7:00,49.2,0,75.6,41.8
5/4/2019 8:00,55.5,0,72.9,46.9
5/4/2019 9:00,65,0,53.5,47.7
5/4/2019 10:00,70.1,0,43.3,46.7
5/4/2019 11:00,72.8,0,44.2,49.7
5/4/2019 12:00,76.8,0,40.4,50.9
5/4/2019 13:00,80.3,0,33.3,48.8
5/4/2019 14:00,82.8,0,29,47.3
5/4/2019 15:00,83.7,0,27.1,46.3
5/4/2019 16:00,84.6,0,24.8,44.7
5/4/2019 17:00,83.6,0,24.2,43.2
5/4/2019 18:00,82.7,0,23.6,41.8
5/4/2019 19:00,80.7,0,24.3,40.9
5/4/2019 20:00,74.8,0,31.1,42.2
5/4/2019 21:00,69.6,0,36.4,41.7
5/4/2019 22:00,70.1,0,32.2,39
5/4/2019 23:00,66.6,0,35.4,38.4
5/5/2019 0:00,64.8,0,37.9,38.5
5/5/2019 1:00,60.5,0,43.4,38.1
5/5/2019 2:00,58,0,48.4,38.6
5/5/2019 3:00,55.2,0,54,38.8
5/5/2019 4:00,52.5,0,64,40.7
5/5/2019 5:00,51.1,0,68.8,41.2
5/5/2019 6:00,49.2,0,75.1,41.6
5/5/2019 7:00,49.4,0,81,43.8
5/5/2019 8:00,54.1,0,76.8,47
5/5/2019 9:00,58.7,0,66.2,47.4
5/5/2019 10:00,63.4,0,55.2,47
5/5/2019 11:00,67.1,0,48.9,47.2
5/5/2019 12:00,71.7,0,38.2,44.9
5/5/2019 13:00,75,0,27.8,39.5
5/5/2019 14:00,76.8,0,28.5,41.7
5/5/2019 15:00,77.8,0,25.7,39.9
5/5/2019 16:00,77.9,0,27.3,41.5
5/5/2019 17:00,76.3,0,27.3,40.1
5/5/2019 18:00,75.9,0,25.8,38.3
5/5/2019 19:00,74.5,0,25.8,37.2
5/5/2019 20:00,69.9,0,32.6,39.2
5/5/2019 21:00,66.7,0,36.9,39.5
5/5/2019 22:00,64.6,0,34.2,35.7
5/5/2019 23:00,63,0,42.5,39.8
5/6/2019 0:00,60.2,0,53.3,43.1
5/6/2019 1:00,59.1,0,58.6,44.6
5/6/2019 2:00,57.1,0,62.1,44.2
5/6/2019 3:00,55.5,0,66.5,44.5
5/6/2019 4:00,53.4,0,71.2,44.3
5/6/2019 5:00,52.1,0,76.1,44.8
5/6/2019 6:00,51.8,0,79.3,45.6
5/6/2019 7:00,52.7,0,80,46.7
5/6/2019 8:00,55.7,0,74.4,47.7
5/6/2019 9:00,58.9,0,69,48.7
5/6/2019 10:00,62.8,0,62.2,49.7
5/6/2019 11:00,65.9,0,55.2,49.4
5/6/2019 12:00,68.7,0,49,48.8
5/6/2019 13:00,71.1,0,41.5,46.5
5/6/2019 14:00,73.2,0,40.8,48
5/6/2019 15:00,73.5,0,41,48.4
5/6/2019 16:00,75,0,37.1,47
5/6/2019 17:00,74.1,0,36.1,45.5
5/6/2019 18:00,73.4,0,36.9,45.5
5/6/2019 19:00,71.7,0,39.4,45.7
5/6/2019 20:00,68.2,0,46,46.6
5/6/2019 21:00,65.7,0,53,48.1
5/6/2019 22:00,65.7,0,53.6,48.4
5/6/2019 23:00,62.3,0,57.1,46.9
5/7/2019 0:00,60.5,0,61,47
5/7/2019 1:00,58.7,0,65.1,47
5/7/2019 2:00,57,0,69.6,47.2
5/7/2019 3:00,55.9,0,73.2,47.4
5/7/2019 4:00,55,0,75.8,47.5
5/7/2019 5:00,53.4,0,79.5,47.2
5/7/2019 6:00,52.5,0,81.8,47.1
5/7/2019 7:00,53.2,0,82.5,48
5/7/2019 8:00,55.4,0,80,49.3
5/7/2019 9:00,58.6,0,76.3,51.2
5/7/2019 10:00,61.8,0,70.1,51.9
5/7/2019 11:00,64.8,0,64,52.3
5/7/2019 12:00,67.6,0,60.4,53.4
5/7/2019 13:00,70.6,0,56.4,54.3
5/7/2019 14:00,72.6,0,50,52.9
5/7/2019 15:00,73.7,0,46.4,51.9
5/7/2019 16:00,75.2,0,46.1,53.1
5/7/2019 17:00,75.2,0,45.3,52.6
5/7/2019 18:00,74.3,0,46.1,52.2
5/7/2019 19:00,73,0,47.4,51.8
5/7/2019 20:00,69.7,0,51.8,51.2
5/7/2019 21:00,67.4,0,56.1,51.2
5/7/2019 22:00,64.4,0,61.8,51
5/7/2019 23:00,64.6,0,62.1,51.3
5/8/2019 0:00,63.4,0,65.3,51.5
5/8/2019 1:00,61.4,0,68.3,50.9
5/8/2019 2:00,58.9,0,72.6,50.1
5/8/2019 3:00,58,0,75.4,50.3
5/8/2019 4:00,56.2,0,78.4,49.6
5/8/2019 5:00,55.2,0,81.4,49.6
5/8/2019 6:00,55.9,0,80.5,50
5/8/2019 7:00,55.9,0,81.3,50.3
5/8/2019 8:00,57.8,0,80.4,51.8
5/8/2019 9:00,61.2,0,75.9,53.5
5/8/2019 10:00,64.6,0,70.8,54.9
5/8/2019 11:00,68.5,0,64.8,56.2
5/8/2019 12:00,71.9,0,59.5,57
5/8/2019 13:00,75.2,0,53,56.9
5/8/2019 14:00,76.8,0,46.4,54.7
5/8/2019 15:00,78.1,0,46.1,55.7
5/8/2019 16:00,78.9,0,44.7,55.6
5/8/2019 17:00,78.3,0,44.4,54.8
5/8/2019 18:00,77.4,0,45.7,54.8
5/8/2019 19:00,75.9,0,47.3,54.4
5/8/2019 20:00,72.6,0,51.3,53.6
5/8/2019 21:00,70.1,0,54.9,53.1
5/8/2019 22:00,68.2,0,58,52.9
5/8/2019 23:00,66.2,0,63.7,53.5
5/9/2019 0:00,65.2,0,67.2,54
5/9/2019 1:00,64.8,0,71.4,55.3
5/9/2019 2:00,63.2,0,74.2,54.8
5/9/2019 3:00,62.1,0,78.4,55.3
5/9/2019 4:00,60.9,0,81.5,55.2
5/9/2019 5:00,60.3,0,83.7,55.3
5/9/2019 6:00,60.3,0,83.3,55.2
5/9/2019 7:00,59.6,0,83.5,54.6
5/9/2019 8:00,59.8,0,82,54.3
5/9/2019 9:00,62.5,0,79.3,56
5/9/2019 10:00,66.6,0,74.7,58.3
5/9/2019 11:00,68.9,0,70.1,58.7
5/9/2019 12:00,73.4,0,60.9,59.1
5/9/2019 13:00,75.9,0,55.6,58.9
5/9/2019 14:00,77.4,0,53.3,59.1
5/9/2019 15:00,78.1,0,49.8,57.8
5/9/2019 16:00,78.9,0,49.6,58.5
5/9/2019 17:00,78.5,0,48.6,57.5
5/9/2019 18:00,77,0,47.9,55.7
5/9/2019 19:00,75.4,0,52,56.5
5/9/2019 20:00,72.8,0,55.9,56.1
5/9/2019 21:00,71,0,57.2,55.1
5/9/2019 22:00,66.7,0,50.6,47.8
5/9/2019 23:00,63.9,0,59.5,49.5
5/10/2019 0:00,60.2,0,67,49.2
5/10/2019 1:00,60,0,70.8,50.5
5/10/2019 2:00,57.8,0,76.7,50.5
5/10/2019 3:00,56.6,0,81.3,50.9
5/10/2019 4:00,57.3,0,80.4,51.3
5/10/2019 5:00,57.7,3.9,80.4,51.7
5/10/2019 6:00,57.5,12.6,82.4,52.2
5/10/2019 7:00,56.8,14,85.3,52.4
5/10/2019 8:00,57.8,13.4,86.1,53.7
5/10/2019 9:00,57.8,10.2,87.3,54
5/10/2019 10:00,60,3.7,86.4,55.9
5/10/2019 11:00,62.5,1.4,76.6,55
5/10/2019 12:00,65.2,0.6,71.1,55.6
5/10/2019 13:00,69.4,0.2,64.3,56.8
5/10/2019 14:00,69.9,0.1,59.9,55.3
5/10/2019 15:00,72.1,0,56.9,56
5/10/2019 16:00,71.3,0,52.5,53
5/10/2019 17:00,70.4,0,52.8,52.3
5/10/2019 18:00,70.1,0,54.1,52.7
5/10/2019 19:00,68.9,0.2,54.6,51.9
5/10/2019 20:00,66.2,0.8,60.2,52
5/10/2019 21:00,63.9,2.2,66.3,52.4
5/10/2019 22:00,62.7,1.9,70.4,52.9
5/10/2019 23:00,60.5,6,75.4,52.7
5/11/2019 0:00,58.6,7.6,81,52.8
5/11/2019 1:00,58.2,7.1,83.9,53.4
5/11/2019 2:00,57.1,8,84.5,52.5
5/11/2019 3:00,56.1,9.5,86.9,52.3
5/11/2019 4:00,54.5,9.9,88.5,51.2
5/11/2019 5:00,53.6,10.2,89.9,50.7
5/11/2019 6:00,53,10.3,91.1,50.5
5/11/2019 7:00,54.1,9.1,92.7,52
5/11/2019 8:00,59.3,4,88.6,55.9
5/11/2019 9:00,64.1,1,77.5,56.9
5/11/2019 10:00,68.3,0.2,68.7,57.6
5/11/2019 11:00,72.3,0,58.5,56.9
5/11/2019 12:00,75.2,0,51.3,56
5/11/2019 13:00,77.6,0,46.9,55.7
5/11/2019 14:00,78.9,0,44.9,55.7
5/11/2019 15:00,78.9,0,43.3,54.7
5/11/2019 16:00,80.3,0,41.2,54.6
5/11/2019 17:00,79.6,0,41.7,54.3
5/11/2019 18:00,78.7,0,40.7,52.8
5/11/2019 19:00,76.7,0,43.2,52.6
5/11/2019 20:00,72.4,0.2,52,53.8
5/11/2019 21:00,69.4,0.3,57.5,53.7
5/11/2019 22:00,66.6,0.4,59.4,52
5/11/2019 23:00,64.8,1.3,64,52.3
5/12/2019 0:00,63.2,2.8,68.7,52.7
5/12/2019 1:00,61.4,4.6,74.6,53.3
5/12/2019 2:00,60,5.6,78.3,53.2
5/12/2019 3:00,59.6,4.8,77.8,52.7
5/12/2019 4:00,57.5,8.5,81.7,51.9
5/12/2019 5:00,56.4,8.9,84.4,51.8
5/12/2019 6:00,55.4,8.1,86.6,51.5
5/12/2019 7:00,57.1,6.6,87.9,53.5
5/12/2019 8:00,61.8,2.1,82.9,56.5
5/12/2019 9:00,67.6,0.5,70.8,57.8
5/12/2019 10:00,72.6,0,60.9,58.3
5/12/2019 11:00,76.5,0,54,58.6
5/12/2019 12:00,79.4,0,49.3,58.7
5/12/2019 13:00,81.9,0,43,57.2
5/12/2019 14:00,83,0,39.3,55.7
5/12/2019 15:00,83.7,0,39.2,56.3
5/12/2019 16:00,84.6,0,38.1,56.3
5/12/2019 17:00,83.7,0,38.2,55.5
5/12/2019 18:00,83.6,0,35.2,53.2
5/12/2019 19:00,82.5,0,32.6,50.2
5/12/2019 20:00,78.9,0,37.1,50.5
5/12/2019 21:00,74.1,0,41.5,49.2
5/12/2019 22:00,71.7,0,41.3,46.9
5/12/2019 23:00,68.7,0,46.6,47.4
5/13/2019 0:00,66.6,0,52.6,48.7
5/13/2019 1:00,64.1,0.4,56.6,48.4
5/13/2019 2:00,62.5,0.3,58.9,47.9
5/13/2019 3:00,60.7,0.5,60.9,47.1
5/13/2019 4:00,59.6,0.9,63,47
5/13/2019 5:00,57.8,1,66.6,46.7
5/13/2019 6:00,57.7,1.4,67.2,46.9
5/13/2019 7:00,57.5,1.2,70.8,48.1
5/13/2019 8:00,60.9,0.5,67.2,49.9
5/13/2019 9:00,66.4,0,53.6,49
5/13/2019 10:00,71,0,43.4,47.6
5/13/2019 11:00,73.5,0,39.5,47.4
5/13/2019 12:00,76.7,0,38.4,49.5
5/13/2019 13:00,79.4,0,36.1,50.2
5/13/2019 14:00,81.6,0,32.1,49
5/13/2019 15:00,82.8,0,29.7,47.9
5/13/2019 16:00,83.7,0,25.1,44.2
5/13/2019 17:00,83.2,0,24.1,42.8
5/13/2019 18:00,81.6,0,24.3,41.6
5/13/2019 19:00,80.7,0,25.5,42.1
5/13/2019 20:00,76.1,0,29.3,41.8
5/13/2019 21:00,71.7,0,33.6,41.5
5/13/2019 22:00,70.6,0,34.7,41.4
5/13/2019 23:00,69.4,0,35.7,41.1
5/14/2019 0:00,67.4,0,37.2,40.3
5/14/2019 1:00,65,0,40.2,40.2
5/14/2019 2:00,60,0,48.4,40.5
5/14/2019 3:00,57.1,0.7,56.1,41.6
5/14/2019 4:00,56.8,0.7,59.7,42.9
5/14/2019 5:00,54.8,1.9,64.3,43
5/14/2019 6:00,53,2.4,68.7,43
5/14/2019 7:00,53.7,1.7,72.6,45.1
5/14/2019 8:00,59.6,0.7,66.1,48.3
5/14/2019 9:00,63,0.1,61.8,49.7
5/14/2019 10:00,67.4,0,56.9,51.6
5/14/2019 11:00,71.7,0,49,51.5
5/14/2019 12:00,75.4,0,46,53.2
5/14/2019 13:00,78.1,0,42.5,53.5
5/14/2019 14:00,79.9,0,38.7,52.5
5/14/2019 15:00,82.1,0,35.2,51.9
5/14/2019 16:00,81.2,0,34.4,50.5
5/14/2019 17:00,80.1,0,32.7,48.1
5/14/2019 18:00,79.9,0,31.8,47.2
5/14/2019 19:00,76.8,0,33.9,46.2
5/14/2019 20:00,72.6,0,40.2,47
5/14/2019 21:00,70.3,0,43.5,47
5/14/2019 22:00,67.8,0,48.8,47.8
5/14/2019 23:00,68,0,52.6,50
5/15/2019 0:00,66,0.3,57.2,50.4
5/15/2019 1:00,64.4,0.5,60.1,50.3
5/15/2019 2:00,63.2,0.8,63.5,50.6
5/15/2019 3:00,61.8,0.9,65.5,50.1
5/15/2019 4:00,60.5,2.1,68.7,50.2
5/15/2019 5:00,59.6,3,73.4,51.1
5/15/2019 6:00,59.5,3.9,75.9,51.9
5/15/2019 7:00,59.1,3.4,77.9,52.2
5/15/2019 8:00,60,1.7,75.4,52.2
5/15/2019 9:00,61.6,1.4,72.3,52.6
5/15/2019 10:00,61.4,1.7,71.4,52.1
5/15/2019 11:00,63,0.6,70.2,53.1
5/15/2019 12:00,68.5,0.1,63.3,55.5
5/15/2019 13:00,71.1,0,53.1,53.1
5/15/2019 14:00,71.9,0,47.5,50.9
5/15/2019 15:00,71.1,0,48,50.4
5/15/2019 16:00,71.9,0,44.5,49.1
5/15/2019 17:00,69.9,0,47.9,49.3
5/15/2019 18:00,67.8,4.6,53.9,50.5
5/15/2019 19:00,67.4,0.5,57.1,51.7
5/15/2019 20:00,65.2,0,56,49.1
5/15/2019 21:00,63.6,0.4,61,49.9
5/15/2019 22:00,62.8,0.1,58.7,48.1
5/15/2019 23:00,60.9,1.1,66.8,49.8
5/16/2019 0:00,60.7,0.7,67.1,49.7
5/16/2019 1:00,58.2,14.7,76.7,50.9
5/16/2019 2:00,56.4,14.6,85.4,52.1
5/16/2019 3:00,55.9,14.1,89.5,52.9
5/16/2019 4:00,55.2,13.1,92,52.9
5/16/2019 5:00,55.5,14.6,93.9,53.8
5/16/2019 6:00,55.5,14.4,94.9,54.1
5/16/2019 7:00,51.1,12.9,93.4,49.3
5/16/2019 8:00,50.5,12.2,94,48.8
5/16/2019 9:00,51.6,2.4,93.4,49.8
5/16/2019 10:00,54.6,0,88.5,51.3
5/16/2019 11:00,58.4,0,77.7,51.5
5/16/2019 12:00,60.2,0,69.3,50.1
5/16/2019 13:00,61.2,0,63.8,48.8
5/16/2019 14:00,58.7,2,80.9,52.8
5/16/2019 15:00,62.1,0,68.1,51.4
5/16/2019 16:00,64.1,0,59.7,49.8
5/16/2019 17:00,61.4,0.3,61.8,48.2
5/16/2019 18:00,54.6,11.9,77.4,47.7
5/16/2019 19:00,55.4,10,79.3,49.1
5/16/2019 20:00,54.1,9.2,82.3,48.8
5/16/2019 21:00,52.5,12.1,87.5,48.9
5/16/2019 22:00,51.8,10.8,89.6,48.8
5/16/2019 23:00,51.1,10.4,91.4,48.7
5/17/2019 0:00,51.2,8.6,90.3,48.5
5/17/2019 1:00,51.8,5.8,88.5,48.5
5/17/2019 2:00,51.2,0.1,89,48.1
5/17/2019 3:00,51.1,0,89.9,48.2
5/17/2019 4:00,51.2,0,87.9,47.7
5/17/2019 5:00,49.7,0,89.4,46.7
5/17/2019 6:00,49.2,0,88.5,45.9
5/17/2019 7:00,49.4,0,88,46
5/17/2019 8:00,52.7,0,84.9,48.3
5/17/2019 9:00,55,0,79,48.6
5/17/2019 10:00,56.8,0,74.4,48.7
5/17/2019 11:00,58.2,0,68.7,48
5/17/2019 12:00,58.7,0,68.2,48.2
5/17/2019 13:00,62.8,0,59.9,48.7
5/17/2019 14:00,64.3,0,56.2,48.4
5/17/2019 15:00,65.3,0,54.7,48.6
5/17/2019 16:00,65.9,0,53,48.3
5/17/2019 17:00,65.3,0,52.8,47.6
5/17/2019 18:00,64.8,0,52.4,47
5/17/2019 19:00,63.9,0,53.1,46.5
5/17/2019 20:00,61.2,0,56.9,45.8
5/17/2019 21:00,58.7,0,62.2,45.8
5/17/2019 22:00,57,0,67.2,46.2
5/17/2019 23:00,55.4,0,71.4,46.3
5/18/2019 0:00,54.6,0,73.7,46.4
5/18/2019 1:00,52.3,0,78.3,45.7
5/18/2019 2:00,51.2,0,81.7,45.8
5/18/2019 3:00,50.1,0,84.2,45.5
5/18/2019 4:00,48.8,0,85.8,44.7
5/18/2019 5:00,47.7,0.1,87.9,44.3
5/18/2019 6:00,46.5,0.3,89.9,43.7
5/18/2019 7:00,49,0.2,92.6,46.9
5/18/2019 8:00,53.4,0,88.9,50.2
5/18/2019 9:00,57.8,0,78.5,51.2
5/18/2019 10:00,61.2,0,71.8,52
5/18/2019 11:00,63.9,0,65.1,51.9
5/18/2019 12:00,66.4,0,58.4,51.4
5/18/2019 13:00,65.7,0,57.5,50.3
5/18/2019 14:00,64.8,0,59.9,50.5
5/18/2019 15:00,65.5,0,58.7,50.6
5/18/2019 16:00,65.2,0,50.9,46.6
5/18/2019 17:00,62.8,3.5,60.6,49
5/18/2019 18:00,56.6,14.2,81.3,50.9
5/18/2019 19:00,53.9,14.4,86.1,49.8
5/18/2019 20:00,52.5,13.5,90.1,49.7
5/18/2019 21:00,51.4,12.7,92.6,49.3
5/18/2019 22:00,51.2,12.6,94.6,49.7
5/18/2019 23:00,51.4,11.7,96.6,50.5
5/19/2019 0:00,51.6,12,97.2,50.8
5/19/2019 1:00,51.4,6.6,96.9,50.5
5/19/2019 2:00,50.9,13.1,96.7,50
5/19/2019 3:00,50.5,12.5,97.6,49.8
5/19/2019 4:00,50.5,11.9,97.9,49.9
5/19/2019 5:00,50.7,12.5,98.1,50.2
5/19/2019 6:00,50.9,12.5,98.6,50.5
5/19/2019 7:00,51.2,11.7,99.1,51
5/19/2019 8:00,52,11.3,99.4,51.8
5/19/2019 9:00,54.1,2.5,97.7,53.5
5/19/2019 10:00,55.9,8.9,96.1,54.8
5/19/2019 11:00,59.6,0,84,54.8
5/19/2019 12:00,59.6,0,77.8,52.7
5/19/2019 13:00,52,12.3,82.9,47
5/19/2019 14:00,54.3,1.4,86.6,50.4
5/19/2019 15:00,58.4,0,77,51.2
5/19/2019 16:00,59.5,0,69.2,49.4
5/19/2019 17:00,59.1,0,66.8,48.1
5/19/2019 18:00,58.7,0,66.2,47.4
5/19/2019 19:00,56.4,0,71.2,47.2
5/19/2019 20:00,53,0,79.9,47
5/19/2019 21:00,51.6,0,86.4,47.7
5/19/2019 22:00,52.1,0,86.5,48.2
5/19/2019 23:00,52.1,2.4,87.9,48.6
5/20/2019 0:00,51.2,1.8,91.4,48.8
5/20/2019 1:00,51.1,0,90.6,48.4
5/20/2019 2:00,50.3,0,89.1,47.2
5/20/2019 3:00,50.1,0,90,47.3
5/20/2019 4:00,48.4,0,90.6,45.8
5/20/2019 5:00,46.5,0,91.8,44.2
5/20/2019 6:00,45.8,0,93.7,44.1
5/20/2019 7:00,47.3,0,94.9,45.9
5/20/2019 8:00,51.2,0,93.4,49.4
5/20/2019 9:00,55,0,84.8,50.5
5/20/2019 10:00,57,0,77.8,50.1
5/20/2019 11:00,59.3,0,71.2,50
5/20/2019 12:00,59.5,0,69.4,49.5
5/20/2019 13:00,62.7,0,64.7,50.6
5/20/2019 14:00,63.4,0,61.6,50
5/20/2019 15:00,64.6,0,57.7,49.3
5/20/2019 16:00,65.2,0,56.6,49.4
5/20/2019 17:00,65,0,56.4,49.1
5/20/2019 18:00,64.4,0,56.2,48.5
5/20/2019 19:00,63.7,0,58.1,48.7
5/20/2019 20:00,60.7,0,63.1,48.1
5/20/2019 21:00,57,0,71.8,48
5/20/2019 22:00,55.9,0,76.6,48.7
5/20/2019 23:00,53.9,0,79.4,47.7
5/21/2019 0:00,54.1,0,79.9,48
5/21/2019 1:00,52.1,0,83.2,47.2
5/21/2019 2:00,50.1,0,85.8,46
5/21/2019 3:00,49.7,0,86.5,45.8
5/21/2019 4:00,49.9,0,87.5,46.3
5/21/2019 5:00,50.3,0,87.3,46.7
5/21/2019 6:00,50.7,0,85.5,46.5
5/21/2019 7:00,51.2,0,87.5,47.6
5/21/2019 8:00,53.7,0,83,48.7
5/21/2019 9:00,55.9,0,77.8,49.1
5/21/2019 10:00,54.5,0,83.4,49.6
5/21/2019 11:00,58.9,0,77.8,52
5/21/2019 12:00,60.9,0,69.3,50.8
5/21/2019 13:00,62.1,0,62.3,49
5/21/2019 14:00,63.2,0,61.7,49.8
5/21/2019 15:00,63.2,0,58.1,48.2
5/21/2019 16:00,59.6,0,69.8,49.7
5/21/2019 17:00,59.5,0,61.6,46.3
5/21/2019 18:00,60.2,0,60.9,46.7
5/21/2019 19:00,53.9,9.2,76.6,46.7
5/21/2019 20:00,53.2,0,80.3,47.3
5/21/2019 21:00,52.5,13.5,85.3,48.2
5/21/2019 22:00,51.4,12.5,88.3,48.1
5/21/2019 23:00,52,2.5,88.5,48.7
5/22/2019 0:00,51.6,1.2,87.1,47.9
5/22/2019 1:00,51.2,7.3,89.6,48.2
5/22/2019 2:00,51.1,10.6,91.5,48.7
5/22/2019 3:00,50.7,12.3,92.6,48.6
5/22/2019 4:00,50.9,12.2,93.7,49.1
5/22/2019 5:00,50.5,12.2,94.1,48.9
5/22/2019 6:00,50.1,12,95,48.7
5/22/2019 7:00,49.7,11.5,95.2,48.4
5/22/2019 8:00,51.4,10.6,94.2,49.8
5/22/2019 9:00,53.4,9.4,90.5,50.7
5/22/2019 10:00,54.8,2.5,85.8,50.6
5/22/2019 11:00,57.3,0,78.9,50.8
5/22/2019 12:00,57.7,0,76.8,50.5
5/22/2019 13:00,58.2,0,74.7,50.2
5/22/2019 14:00,62.7,0,69.4,52.5
5/22/2019 15:00,63.4,0,64,51
5/22/2019 16:00,63.9,0,61.4,50.4
5/22/2019 17:00,64.3,0,59.6,49.9
5/22/2019 18:00,63.6,0,59.2,49.1
5/22/2019 19:00,61.8,0,64.3,49.6
5/22/2019 20:00,59.8,0,69.2,49.7
5/22/2019 21:00,57.8,0,73.6,49.4
5/22/2019 22:00,57,0,75.1,49.2
5/22/2019 23:00,57,0,77.9,50.2
5/23/2019 0:00,56.8,0,79,50.4
5/23/2019 1:00,57,0,77.7,50.1
5/23/2019 2:00,55.7,0,81,50
5/23/2019 3:00,54.5,0,83.9,49.7
5/23/2019 4:00,54.3,0,86.1,50.2
5/23/2019 5:00,54.1,0,87.3,50.4
5/23/2019 6:00,54.3,0,89,51.1
5/23/2019 7:00,55.2,0,90,52.3
5/23/2019 8:00,58.6,0,82.7,53.4
5/23/2019 9:00,60.3,0,76.8,53
5/23/2019 10:00,62,0,73.7,53.5
5/23/2019 11:00,62.8,0,71.4,53.4
5/23/2019 12:00,62.8,0,70.9,53.2
5/23/2019 13:00,65.2,0,68.8,54.7
5/23/2019 14:00,69,0,61.5,55.2
5/23/2019 15:00,69.2,0,61.6,55.4
5/23/2019 16:00,70.1,0,59.4,55.3
5/23/2019 17:00,69.6,0,58.7,54.5
5/23/2019 18:00,68.7,0,57.9,53.3
5/23/2019 19:00,61.8,13.3,73.3,53.2
5/23/2019 20:00,58.7,13.8,87,54.8
5/23/2019 21:00,58.4,13,90.3,55.6
5/23/2019 22:00,58,10.5,91.8,55.6
5/23/2019 23:00,57,10.8,93.4,55.1
5/24/2019 0:00,55.5,11.6,95.1,54.1
5/24/2019 1:00,54.6,11.9,95.7,53.4
5/24/2019 2:00,53.9,11.9,96.1,52.8
5/24/2019 3:00,53,11.8,95.5,51.7
5/24/2019 4:00,52.1,12,95.7,50.9
5/24/2019 5:00,53,11.9,96.6,52.1
5/24/2019 6:00,53.9,11.7,97.1,53.1
5/24/2019 7:00,54.8,10.1,96.6,53.9
5/24/2019 8:00,56.4,0,92.9,54.4
5/24/2019 9:00,60.3,0,84.5,55.6
5/24/2019 10:00,62.8,0,79.3,56.3
5/24/2019 11:00,66,0,72.6,56.9
5/24/2019 12:00,68.7,0,66.6,57.1
5/24/2019 13:00,71,0,61.5,57.1
5/24/2019 14:00,70.8,0,60,56.2
5/24/2019 15:00,72.3,0,56.5,56
5/24/2019 16:00,73.9,0,53.6,56
5/24/2019 17:00,74.5,0,51.6,55.5
5/24/2019 18:00,73.4,0,52.3,54.9
5/24/2019 19:00,72.1,0,55.5,55.3
5/24/2019 20:00,68.9,0,61,54.9
5/24/2019 21:00,65.3,0,67.3,54.2
5/24/2019 22:00,63.4,0,70.4,53.6
5/24/2019 23:00,61.2,0,76.9,53.9
5/25/2019 0:00,59.5,1.2,83,54.3
5/25/2019 1:00,57.8,2.3,87.1,54
5/25/2019 2:00,57.1,1.4,90.6,54.4
5/25/2019 3:00,55.9,2.9,90.6,53.2
5/25/2019 4:00,55.4,3.5,92.2,53.2
5/25/2019 5:00,54.6,2.5,93.4,52.7
5/25/2019 6:00,53.4,3.4,93.2,51.5
5/25/2019 7:00,55.4,1,94.2,53.8
5/25/2019 8:00,60,0,90.1,57.1
5/25/2019 9:00,65.3,0,75.8,57.5
5/25/2019 10:00,69.6,0,68.6,58.8
5/25/2019 11:00,73.4,0,59.7,58.5
5/25/2019 12:00,75.9,0,53.8,58
5/25/2019 13:00,77.6,0,50.5,57.8
5/25/2019 14:00,77,0,48,55.8
5/25/2019 15:00,77.6,0,49,56.9
5/25/2019 16:00,80.3,0,41,54.5
5/25/2019 17:00,80.5,0,37.6,52.3
5/25/2019 18:00,78.1,0,31.8,45.7
5/25/2019 19:00,77,0,36.9,48.7
5/25/2019 20:00,71.1,0,42.7,47.3
5/25/2019 21:00,66,0,43.8,43.3
5/25/2019 22:00,61.6,0,49.1,42.3
5/25/2019 23:00,58.2,0,54.9,42.1
5/26/2019 0:00,56.2,0,59,42.1
5/26/2019 1:00,54.6,0,63.5,42.5
5/26/2019 2:00,53.2,0,67.3,42.6
5/26/2019 3:00,52.7,0,68.8,42.7
5/26/2019 4:00,52.1,0,70.1,42.6
5/26/2019 5:00,51.6,0,71.8,42.8
5/26/2019 6:00,51.2,0,72.6,42.7
5/26/2019 7:00,51.8,1.5,72.7,43.3
5/26/2019 8:00,53,0,72.1,44.2
5/26/2019 9:00,52.9,13.7,75.3,45.3
5/26/2019 10:00,52.3,13.2,84,47.6
5/26/2019 11:00,53.9,9.9,83.8,49.1
5/26/2019 12:00,57.1,1.2,77,50
5/26/2019 13:00,58.6,0,73.4,50.1
5/26/2019 14:00,57,0,72.8,48.4
5/26/2019 15:00,50.7,11.5,86,46.7
5/26/2019 16:00,49,9.6,92,46.8
5/26/2019 17:00,47.5,9.7,92.7,45.5
5/26/2019 18:00,48.8,11.5,93.6,47
5/26/2019 19:00,50.1,10.2,93.1,48.2
5/26/2019 20:00,49.4,8.8,93.7,47.7
5/26/2019 21:00,48.6,9.1,94.5,47.1
5/26/2019 22:00,47.3,10,95.1,46
5/26/2019 23:00,46.5,10.6,95.7,45.3
5/27/2019 0:00,46.3,11,96.4,45.3
5/27/2019 1:00,46.5,11.1,97,45.7
5/27/2019 2:00,45.6,11,97.1,44.8
5/27/2019 3:00,44.8,11.1,97.4,44.1
5/27/2019 4:00,44.5,11.1,97.6,43.9
5/27/2019 5:00,43.7,11.2,97.7,43.1
5/27/2019 6:00,43.1,11.4,98,42.6
5/27/2019 7:00,44.5,11.5,98.7,44.2
5/27/2019 8:00,49,3,99.5,48.9
5/27/2019 9:00,52.1,0,96.7,51.2
5/27/2019 10:00,54.6,0,91.3,52.1
5/27/2019 11:00,55.9,0,82.5,50.6
5/27/2019 12:00,59.8,0,75.9,52.2
5/27/2019 13:00,58.2,0,71.1,48.9
5/27/2019 14:00,60.7,0,67.8,50
5/27/2019 15:00,61.8,0,64.3,49.6
5/27/2019 16:00,61.8,0,64.1,49.5
5/27/2019 17:00,60.7,0,65.7,49.1
5/27/2019 18:00,60.3,0,66.7,49.2
5/27/2019 19:00,59.6,0,68.8,49.3
5/27/2019 20:00,58.4,0,74.8,50.4
5/27/2019 21:00,57.5,0,77.4,50.5
5/27/2019 22:00,55.4,0,83.3,50.4
5/27/2019 23:00,53.9,0,87.4,50.2
5/28/2019 0:00,54.6,0,87.1,50.8
5/28/2019 1:00,54.8,0,89.3,51.7
5/28/2019 2:00,54.8,0,89.3,51.7
5/28/2019 3:00,55,0,91,52.4
5/28/2019 4:00,54.8,0,90.6,52.1
5/28/2019 5:00,55.2,0,90.1,52.3
5/28/2019 6:00,55.4,0,90.1,52.5
5/28/2019 7:00,55.7,0,90.3,52.9
5/28/2019 8:00,56.4,0,89.9,53.5
5/28/2019 9:00,56.6,0,89,53.4
5/28/2019 10:00,56.8,0,88.9,53.6
5/28/2019 11:00,59.1,0,85.1,54.6
5/28/2019 12:00,61.4,0,80,55.2
5/28/2019 13:00,62.8,0,76.7,55.4
5/28/2019 14:00,65.2,0,72.3,56.1
5/28/2019 15:00,67.4,0,66.5,55.9
5/28/2019 16:00,67.6,0,63.6,54.8
5/28/2019 17:00,68.3,0,61.1,54.4
5/28/2019 18:00,68,0,60.7,53.9
5/28/2019 19:00,66.9,0,62.1,53.5
5/28/2019 20:00,64.6,0,68.7,54.1
5/28/2019 21:00,62.1,0,75.9,54.4
5/28/2019 22:00,59.5,0,82.3,54.1
5/28/2019 23:00,58.2,0,87,54.3
5/29/2019 0:00,59.8,0,85.8,55.5
5/29/2019 1:00,59.8,0,86.4,55.7
5/29/2019 2:00,59.5,0,88,55.9
5/29/2019 3:00,58.6,0,90,55.7
5/29/2019 4:00,57.5,0,91.8,55.1
5/29/2019 5:00,56.2,0,93,54.2
5/29/2019 6:00,55.5,0,93.6,53.7
5/29/2019 7:00,56.8,0,95.1,55.4
5/29/2019 8:00,61.1,0,90.9,58.4
5/29/2019 9:00,65.3,0,77,57.9
5/29/2019 10:00,68,0,70.2,57.9
5/29/2019 11:00,70.8,0,64.3,58.1
5/29/2019 12:00,72.8,0,61.6,58.8
5/29/2019 13:00,74.8,0,58.9,59.5
5/29/2019 14:00,76.7,0,58.4,61
5/29/2019 15:00,77.4,0,54.7,59.8
5/29/2019 16:00,78.9,0,51.9,59.7
5/29/2019 17:00,78.7,0,53.5,60.4
5/29/2019 18:00,78.5,0,51.4,59.1
5/29/2019 19:00,77,0,54.7,59.4
5/29/2019 20:00,73.5,0,62.2,59.8
5/29/2019 21:00,69.7,0,69.8,59.4
5/29/2019 22:00,66.6,0,74.9,58.4
5/29/2019 23:00,64.6,0,81.4,58.8
5/30/2019 0:00,63.7,0,84.4,58.9
5/30/2019 1:00,61.8,0,87.8,58.1
5/30/2019 2:00,60.5,0,89.6,57.4
5/30/2019 3:00,59.6,0,91.5,57.1
5/30/2019 4:00,59.1,0.1,93,57.1
5/30/2019 5:00,58,0.1,93.4,56.1
5/30/2019 6:00,57.3,0,93,55.3
5/30/2019 7:00,58.2,0,93.4,56.3
5/30/2019 8:00,62.8,0,90.3,59.9
5/30/2019 9:00,68.3,0,77.3,60.9
5/30/2019 10:00,72.4,0,70.7,62.3
5/30/2019 11:00,75.7,0,68.1,64.4
5/30/2019 12:00,78.1,0,60.9,63.5
5/30/2019 13:00,80.5,0,53.3,62
5/30/2019 14:00,82.1,0,49.9,61.6
5/30/2019 15:00,83,0,44,58.8
5/30/2019 16:00,84.1,0,40.8,57.7
5/30/2019 17:00,83.4,0,38.1,55.2
5/30/2019 18:00,82.3,0,40.9,56.2
5/30/2019 19:00,80.3,0,42.7,55.6
5/30/2019 20:00,76.5,0,47.8,55.2
5/30/2019 21:00,75,0,51.5,55.9
5/30/2019 22:00,73.4,0,48.4,52.7
5/30/2019 23:00,70.3,0,53.6,52.7
5/31/2019 0:00,67.1,0,64.6,54.8
5/31/2019 1:00,65,0,71.8,55.7
5/31/2019 2:00,62.7,0,77.2,55.5
5/31/2019 3:00,60.9,0,79.7,54.6
5/31/2019 4:00,59.5,0,83.2,54.4
5/31/2019 5:00,59.8,0,83.4,54.8
5/31/2019 6:00,58.9,0,85.4,54.5
5/31/2019 7:00,59.8,0,85.9,55.6
5/31/2019 8:00,62.3,0,82.8,57
5/31/2019 9:00,63.6,0,80.2,57.4
5/31/2019 10:00,66.9,0,78.2,59.9
5/31/2019 11:00,71.3,0,70.8,61.3
5/31/2019 12:00,74.3,0,64.2,61.4
5/31/2019 13:00,77.6,0,59.2,62.2
5/31/2019 14:00,79,0,57.1,62.5
5/31/2019 15:00,80.8,0,52.5,61.8
5/31/2019 16:00,81.6,0,49.1,60.6
5/31/2019 17:00,82.5,0,46.3,59.8
5/31/2019 18:00,82.5,0,42,57.1
5/31/2019 19:00,79.8,0,38.7,52.4
5/31/2019 20:00,75.4,0,42,50.7
5/31/2019 21:00,71.1,0,46,49.3
5/31/2019 22:00,68.3,0,50.8,49.4
5/31/2019 23:00,68.3,0,49.9,48.9
6/1/2019 0:00,66.4,0,52.9,48.7
6/1/2019 1:00,63.7,0,60,49.5
6/1/2019 2:00,61.4,0,66.3,50.1
6/1/2019 3:00,59.8,0,71.9,50.7
6/1/2019 4:00,58.4,0,77.5,51.4
6/1/2019 5:00,56.8,0,82.3,51.5
6/1/2019 6:00,55.9,0,85.4,51.6
6/1/2019 7:00,58.2,0,87.8,54.6
6/1/2019 8:00,65.2,0,78,58.2
6/1/2019 9:00,71,0,62.6,57.6
6/1/2019 10:00,74.8,0,59.4,59.7
6/1/2019 11:00,78.5,0,53.8,60.4
6/1/2019 12:00,80.5,0,50.1,60.2
6/1/2019 13:00,82.5,0,45.4,59.3
6/1/2019 14:00,84.3,0,39.5,57
6/1/2019 15:00,85.2,0,38.9,57.4
6/1/2019 16:00,82.8,0,38.2,54.7
6/1/2019 17:00,82.5,0,39.8,55.6
6/1/2019 18:00,82.1,0,42.7,57.2
6/1/2019 19:00,81,0,39.9,54.3
6/1/2019 20:00,77,0,46.1,54.7
6/1/2019 21:00,75.2,0,50,55.3
6/1/2019 22:00,72.6,0,54,55
6/1/2019 23:00,68.9,0,63.1,55.8
6/2/2019 0:00,66.7,0,70.3,56.7
6/2/2019 1:00,65.2,0,72.4,56.1
6/2/2019 2:00,63.2,0,75.7,55.4
6/2/2019 3:00,61.8,0,79.3,55.3
6/2/2019 4:00,61.1,0,80.7,55.1
6/2/2019 5:00,60.5,0,80.3,54.4
6/2/2019 6:00,59.3,0,81.3,53.6
6/2/2019 7:00,61.2,0,82.7,55.9
6/2/2019 8:00,66,0,71.3,56.4
6/2/2019 9:00,70.1,0,64,57.4
6/2/2019 10:00,73.7,0,57.9,58
6/2/2019 11:00,77.9,0,52.9,59.3
6/2/2019 12:00,79.8,0,49.8,59.4
6/2/2019 13:00,82.5,0,47.5,60.5
6/2/2019 14:00,84.1,0,45.7,60.9
6/2/2019 15:00,85.2,0,43.7,60.6
6/2/2019 16:00,84.1,0,44.7,60.3
6/2/2019 17:00,83,0,44.4,59.1
6/2/2019 18:00,83.2,0,44.7,59.5
6/2/2019 19:00,81.4,0,44.8,57.9
6/2/2019 20:00,77.2,0,54.2,59.4
6/2/2019 21:00,73.2,0,60.5,58.7
6/2/2019 22:00,70.1,0,69.4,59.6
6/2/2019 23:00,68,0,75.7,60
6/3/2019 0:00,66,0,80,59.7
6/3/2019 1:00,65.2,0,79.7,58.8
6/3/2019 2:00,63.7,0,76.3,56.1
6/3/2019 3:00,62.3,0,81.7,56.6
6/3/2019 4:00,61.2,0,85.9,56.9
6/3/2019 5:00,60.5,0.2,88.3,57
6/3/2019 6:00,60.5,0,89.5,57.4
6/3/2019 7:00,62,0,89.8,59
6/3/2019 8:00,66.2,0,83.4,61
6/3/2019 9:00,70.3,0,70.4,60.2
6/3/2019 10:00,74.8,0,60.6,60.3
6/3/2019 11:00,78.5,0,58.1,62.5
6/3/2019 12:00,80.5,0,55.1,62.9
6/3/2019 13:00,82.8,0,51.8,63.3
6/3/2019 14:00,84.6,0,46.6,61.9
6/3/2019 15:00,85.6,0,44.5,61.5
6/3/2019 16:00,86.2,0,40.5,59.4
6/3/2019 17:00,86.4,0,38.9,58.4
6/3/2019 18:00,84.3,0,40.9,58
6/3/2019 19:00,82.5,0,46.5,59.9
6/3/2019 20:00,79.4,0,50.3,59.3
6/3/2019 21:00,76.5,0,56.6,59.9
6/3/2019 22:00,73,0,64.6,60.4
6/3/2019 23:00,73.5,0,64.2,60.7
6/4/2019 0:00,71.1,0,69.9,60.8
6/4/2019 1:00,69.2,0,75.3,61
6/4/2019 2:00,67.6,0,79.5,61
6/4/2019 3:00,67.1,0,81.9,61.4
6/4/2019 4:00,65,0.2,85.8,60.6
6/4/2019 5:00,64.4,0.2,86.8,60.4
6/4/2019 6:00,63.7,0,87.6,59.9
6/4/2019 7:00,65.5,0,86.8,61.5
6/4/2019 8:00,70.6,0,77.2,63.1
6/4/2019 9:00,75.4,0,66.1,63.3
6/4/2019 10:00,79.6,0,58.1,63.6
6/4/2019 11:00,83,0,56,65.7
6/4/2019 12:00,85.2,0,53.3,66.3
6/4/2019 13:00,88,0,49.6,66.8
6/4/2019 14:00,89.6,0,47.1,66.8
6/4/2019 15:00,90.8,0,43.5,65.6
6/4/2019 16:00,91,0,45.8,67.2
6/4/2019 17:00,90.4,0,43.4,65.1
6/4/2019 18:00,89.6,0,44,64.8
6/4/2019 19:00,87.8,0,48,65.7
6/4/2019 20:00,83.9,0,51.6,64.2
6/4/2019 21:00,80.3,0,56.2,63.3
6/4/2019 22:00,76.8,0,62.5,63
6/4/2019 23:00,75.4,0,66.7,63.5
6/5/2019 0:00,73.2,0,72.2,63.7
6/5/2019 1:00,71.7,0,78.3,64.6
6/5/2019 2:00,71.3,0,78.9,64.4
6/5/2019 3:00,69.9,0,82.7,64.4
6/5/2019 4:00,68.5,0.2,85.8,64.1
6/5/2019 5:00,67.3,0.6,87.9,63.6
6/5/2019 6:00,67.1,0.3,89.6,63.9
6/5/2019 7:00,69.4,0,89.1,66
6/5/2019 8:00,73,0,82.3,67.3
6/5/2019 9:00,77.4,0,73.3,68.2
6/5/2019 10:00,81.2,0,65,68.3
6/5/2019 11:00,84.5,0,59.5,68.8
6/5/2019 12:00,87,0,56.1,69.5
6/5/2019 13:00,90.4,0,53.8,71.4
6/5/2019 14:00,92.1,0,47.3,69.2
6/5/2019 15:00,93.5,0,44.2,68.4
6/5/2019 16:00,93.9,0,44.2,68.8
6/5/2019 17:00,93.5,0,35.9,62.5
6/5/2019 18:00,92.9,0,31.8,58.5
6/5/2019 19:00,89.6,0,37.4,60.2
6/5/2019 20:00,85.2,0,49,63.9
6/5/2019 21:00,82.1,0,50.9,62.1
6/5/2019 22:00,79.4,0,53.3,60.9
6/5/2019 23:00,76.8,0,59.2,61.5
6/6/2019 0:00,76.8,0,61.4,62.5
6/6/2019 1:00,76.5,0,57.6,60.4
6/6/2019 2:00,74.6,0,59.4,59.5
6/6/2019 3:00,72.8,0,61,58.6
6/6/2019 4:00,72.1,0,58.7,56.8
6/6/2019 5:00,70.3,0,61.5,56.4
6/6/2019 6:00,68.7,0,63.1,55.6
6/6/2019 7:00,69.9,0,64.1,57.2
6/6/2019 8:00,72.6,0,56.7,56.3
6/6/2019 9:00,75,0,49,54.5
6/6/2019 10:00,77.2,0,41.8,52.2
6/6/2019 11:00,78.3,0,40.7,52.5
6/6/2019 12:00,81,0,41.5,55.4
6/6/2019 13:00,83.9,0,38.7,56.1
6/6/2019 14:00,85,0,35.7,54.8
6/6/2019 15:00,87.2,0,29.7,51.7
6/6/2019 16:00,88,0,27.3,50.1
6/6/2019 17:00,87.4,0,27.7,50
6/6/2019 18:00,85.8,0,27.7,48.6
6/6/2019 19:00,83.6,0,30.2,49.1
6/6/2019 20:00,79.8,0,32.7,47.9
6/6/2019 21:00,76.3,0,35.3,46.9
6/6/2019 22:00,72.4,0,34.4,42.7
6/6/2019 23:00,69.7,0,32.9,39.2
6/7/2019 0:00,67.3,0,31.3,35.9
6/7/2019 1:00,64.3,0,35.6,36.5
6/7/2019 2:00,62,0,39.4,37
6/7/2019 3:00,59.5,0,44.8,38
6/7/2019 4:00,57.5,0,50,39
6/7/2019 5:00,55,0,58.6,40.7
6/7/2019 6:00,53.7,0,63.6,41.6
6/7/2019 7:00,56.2,0,63.3,43.9
6/7/2019 8:00,60.2,0,55,44
6/7/2019 9:00,64.8,0,47.3,44.3
6/7/2019 10:00,68,0,42.4,44.3
6/7/2019 11:00,68.2,0,42,44.2
6/7/2019 12:00,70.3,0,40.9,45.4
6/7/2019 13:00,70.1,0,41.2,45.4
6/7/2019 14:00,74.6,0,36.3,46.1
6/7/2019 15:00,77.8,0,33.8,47
6/7/2019 16:00,78.7,0,29.5,44.2
6/7/2019 17:00,78.5,0,27,41.7
6/7/2019 18:00,77.2,0,26.3,39.9
6/7/2019 19:00,75.6,0,28.1,40.3
6/7/2019 20:00,72.4,0,29.7,38.9
6/7/2019 21:00,69.6,0,29.3,36.2
6/7/2019 22:00,66.9,0,32.2,36.2
6/7/2019 23:00,63.7,0,35.1,35.6
6/8/2019 0:00,61.1,0,37.3,34.8
6/8/2019 1:00,58.6,0,40.8,34.8
6/8/2019 2:00,55.2,0,48.4,36
6/8/2019 3:00,53,0,56,37.7
6/8/2019 4:00,51.6,0,59.5,37.9
6/8/2019 5:00,49.9,0,67.2,39.4
6/8/2019 6:00,49.2,0,70.2,39.9
6/8/2019 7:00,51.8,0,74.7,44
6/8/2019 8:00,58,0,59.2,43.8
6/8/2019 9:00,62.5,0,52.8,45
6/8/2019 10:00,66.7,0,44.7,44.5
6/8/2019 11:00,70.1,0,41.7,45.7
6/8/2019 12:00,73,0,40.5,47.6
6/8/2019 13:00,76.3,0,38.5,49.2
6/8/2019 14:00,79.6,0,34.7,49.3
6/8/2019 15:00,81.2,0,31.3,47.9
6/8/2019 16:00,82.5,0,29.3,47.3
6/8/2019 17:00,82.7,0,29,47.2
6/8/2019 18:00,81.9,0,30,47.4
6/8/2019 19:00,80.7,0,31.3,47.5
6/8/2019 20:00,77.2,0,35.7,47.9
6/8/2019 21:00,72.6,0,41,47.5
6/8/2019 22:00,70.1,0,42.7,46.4
6/8/2019 23:00,67.6,0,46.9,46.6
6/9/2019 0:00,63.4,0,59,48.8
6/9/2019 1:00,60.9,0,66.6,49.7
6/9/2019 2:00,59.5,0,71.4,50.2
6/9/2019 3:00,57.8,0,75.4,50.1
6/9/2019 4:00,57,0.1,78.4,50.3
6/9/2019 5:00,56.2,0.2,80,50.1
6/9/2019 6:00,55.4,0,81.9,50
6/9/2019 7:00,59.1,0,79.9,52.9
6/9/2019 8:00,64.6,0,70.4,54.7
6/9/2019 9:00,70.6,0,58.9,55.5
6/9/2019 10:00,75.4,0,50.3,55.6
6/9/2019 11:00,79.6,0,43.7,55.6
6/9/2019 12:00,82.7,0,40.8,56.5
6/9/2019 13:00,85.8,0,37.3,56.7
6/9/2019 14:00,87.2,0,34.6,55.9
6/9/2019 15:00,89.6,0,31.4,55.3
6/9/2019 16:00,90.2,0,30.6,55.1
6/9/2019 17:00,91,0,28.6,54
6/9/2019 18:00,89.8,0,29.5,53.8
6/9/2019 19:00,87.4,0,30.3,52.4
6/9/2019 20:00,81.4,0,37.7,53.1
6/9/2019 21:00,78.9,0,41,53.2
6/9/2019 22:00,75,0,44.7,52
6/9/2019 23:00,71.9,0,50.1,52.3
6/10/2019 0:00,73,0,49.8,53.1
6/10/2019 1:00,70.1,0,54.6,53
6/10/2019 2:00,68.5,0,60.6,54.3
6/10/2019 3:00,65.5,0,68.8,55
6/10/2019 4:00,63.2,0,76.3,55.6
6/10/2019 5:00,61.6,0.1,80,55.4
6/10/2019 6:00,60.5,0.1,83,55.3
6/10/2019 7:00,64.3,0,83.2,59.1
6/10/2019 8:00,69.4,0,71.6,59.8
6/10/2019 9:00,74.5,0,61.7,60.5
6/10/2019 10:00,79,0,56.2,62.1
6/10/2019 11:00,83.2,0,47.3,61.1
6/10/2019 12:00,86.4,0,41.3,60.1
6/10/2019 13:00,89.8,0,38.5,61.2
6/10/2019 14:00,91.7,0,37.6,62.2
6/10/2019 15:00,93.9,0,32.9,60.3
6/10/2019 16:00,94.1,0,34.1,61.5
6/10/2019 17:00,93.7,0,30.6,58.1
6/10/2019 18:00,90.4,0,36.6,60.3
6/10/2019 19:00,85.8,0,39.5,58.3
6/10/2019 20:00,83.4,0,47.3,61.2
6/10/2019 21:00,80.5,0,48.5,59.3
6/10/2019 22:00,76.8,0,61,62.3
6/10/2019 23:00,74.1,0,65,61.6
6/11/2019 0:00,72.4,0,65.2,60.1
6/11/2019 1:00,70.4,0,67.5,59.1
6/11/2019 2:00,68,0,73.4,59.2
6/11/2019 3:00,67.6,0,69.9,57.4
6/11/2019 4:00,65.2,0,75.7,57.3
6/11/2019 5:00,63.9,0,79,57.3
6/11/2019 6:00,63.4,0,80.7,57.4
6/11/2019 7:00,65.5,0,82.2,59.9
6/11/2019 8:00,73,0,64.1,60.1
6/11/2019 9:00,76.8,0,55.9,59.9
6/11/2019 10:00,79.8,0,51,60.1
6/11/2019 11:00,86.4,0,42,60.6
6/11/2019 12:00,90,0,37.9,60.9
6/11/2019 13:00,92.3,0,36.8,62.1
6/11/2019 14:00,92.1,0,34.1,59.8
6/11/2019 15:00,92.9,0,33.8,60.2
6/11/2019 16:00,94.9,0,35.8,63.6
6/11/2019 17:00,94.1,0,29.8,57.7
6/11/2019 18:00,90,0,37.3,60.5
6/11/2019 19:00,87.2,0,42.3,61.5
6/11/2019 20:00,83.4,0,52.5,64.2
6/11/2019 21:00,79.4,0,61,64.8
6/11/2019 22:00,76.5,0,64.8,63.8
6/11/2019 23:00,75.2,0,65.2,62.7
6/12/2019 0:00,72.6,0,71.4,62.8
6/12/2019 1:00,72.3,0,71.9,62.7
6/12/2019 2:00,71,0,73.6,62.1
6/12/2019 3:00,69,0,76.8,61.4
6/12/2019 4:00,68,0.1,81.7,62.2
6/12/2019 5:00,67.8,0,82.9,62.4
6/12/2019 6:00,67.3,0,83.9,62.3
6/12/2019 7:00,69.2,0,83,63.8
6/12/2019 8:00,74.6,0,69.8,64.1
6/12/2019 9:00,79.4,0,58.6,63.6
6/12/2019 10:00,85,0,47.3,62.7
6/12/2019 11:00,89.6,0,40.8,62.6
6/12/2019 12:00,92.9,0,38.4,63.9
6/12/2019 13:00,95.1,0,36.2,64.1
6/12/2019 14:00,97.3,0,31.6,62.2
6/12/2019 15:00,98.9,0,29.5,61.6
6/12/2019 16:00,98.9,0,29.2,61.3
6/12/2019 17:00,97.3,0,28.5,59.2
6/12/2019 18:00,95.1,0,25.3,54.1
6/12/2019 19:00,90.6,0,32.6,57.2
6/12/2019 20:00,87.6,0,36.7,57.9
6/12/2019 21:00,86.8,0,37.9,58.1
6/12/2019 22:00,84.1,0,38.1,55.8
6/12/2019 23:00,81.4,0,41.9,56
6/13/2019 0:00,76.1,0,52.1,57.2
6/13/2019 1:00,72.6,0,62.2,58.9
6/13/2019 2:00,70.3,0,69.2,59.7
6/13/2019 3:00,68.9,0,72.2,59.6
6/13/2019 4:00,67.6,0,77,60.1
6/13/2019 5:00,66.6,0,77,59.2
6/13/2019 6:00,65.5,0,79.5,59
6/13/2019 7:00,66.7,0,72.9,57.7
6/13/2019 8:00,70.1,0,63.7,57.2
6/13/2019 9:00,74.5,0,54.7,57.1
6/13/2019 10:00,78.5,0,50.3,58.5
6/13/2019 11:00,82.1,0,47.9,60.4
6/13/2019 12:00,84.3,0,48.9,63
6/13/2019 13:00,84.6,0,48.1,62.8
6/13/2019 14:00,85,0,47.1,62.6
6/13/2019 15:00,86.6,0,45.3,62.9
6/13/2019 16:00,88.8,0,43.5,63.7
6/13/2019 17:00,87.6,0,45,63.6
6/13/2019 18:00,89,0,41.4,62.5
6/13/2019 19:00,89.6,0,31.9,55.7
6/13/2019 20:00,86.4,0,35.7,56.1
6/13/2019 21:00,82.5,0,41,56.4
6/13/2019 22:00,79.4,0,45.7,56.6
6/13/2019 23:00,75.7,0,52.9,57.3
6/14/2019 0:00,74.3,0,51,55
6/14/2019 1:00,71.3,0,53.5,53.5
6/14/2019 2:00,69.6,0,56.9,53.6
6/14/2019 3:00,66.7,0,64,54.1
6/14/2019 4:00,63.7,0,71.9,54.5
6/14/2019 5:00,63.6,0,73.7,55
6/14/2019 6:00,62,0,76.1,54.4
6/14/2019 7:00,64.6,0,73.3,55.9
6/14/2019 8:00,67.8,0,67.8,56.8
6/14/2019 9:00,71,0,65.6,58.9
6/14/2019 10:00,75,0,61.4,60.8
6/14/2019 11:00,78.5,0,49.8,58.2
6/14/2019 12:00,81.4,0,42.5,56.4
6/14/2019 13:00,84.1,0,37.1,55.1
6/14/2019 14:00,86.4,0,34.7,55.3
6/14/2019 15:00,86.8,0,34.9,55.8
6/14/2019 16:00,86.6,0,35.1,55.8
6/14/2019 17:00,86.6,0,34.2,55
6/14/2019 18:00,85.6,0,35.9,55.5
6/14/2019 19:00,86,0,32.8,53.4
6/14/2019 20:00,81.4,0,37.9,53.3
6/14/2019 21:00,75.7,0,48.1,54.7
6/14/2019 22:00,72.4,0,56.1,55.9
6/14/2019 23:00,72.4,0,58.2,56.9
6/15/2019 0:00,72.1,0,61.7,58.2
6/15/2019 1:00,69.4,0,67.6,58.2
6/15/2019 2:00,68.7,0,69.3,58.2
6/15/2019 3:00,67.3,0,71.6,57.8
6/15/2019 4:00,64.8,0,76.6,57.3
6/15/2019 5:00,62.7,0.1,80.7,56.7
6/15/2019 6:00,62,0.1,82.8,56.7
6/15/2019 7:00,64.1,0,80.8,58.1
6/15/2019 8:00,68.2,0,75.9,60.3
6/15/2019 9:00,72.4,0,69.1,61.7
6/15/2019 10:00,75,0,65.2,62.5
6/15/2019 11:00,79,0,59.2,63.5
6/15/2019 12:00,81.6,0,57,64.9
6/15/2019 13:00,84.3,0,51.3,64.4
6/15/2019 14:00,87.2,0,48.1,65.2
6/15/2019 15:00,88.6,0,44.2,64
6/15/2019 16:00,87,0,43.3,62
6/15/2019 17:00,87.8,0,41.7,61.6
6/15/2019 18:00,87,0,40.4,60
6/15/2019 19:00,86,0,38.1,57.5
6/15/2019 20:00,81.6,0,44.3,57.8
6/15/2019 21:00,76.5,0,47.4,55
6/15/2019 22:00,74.8,0,49.3,54.5
6/15/2019 23:00,71.7,0,53.8,54.1
6/16/2019 0:00,69.4,0,59.7,54.8
6/16/2019 1:00,67.6,0,64.7,55.3
6/16/2019 2:00,65.9,0,68.5,55.2
6/16/2019 3:00,64.1,0,72.4,55
6/16/2019 4:00,62,0,75.8,54.3
6/16/2019 5:00,60.5,0,78.3,53.7
6/16/2019 6:00,59.5,0,80.4,53.5
6/16/2019 7:00,60.9,0,78.7,54.2
6/16/2019 8:00,63.9,0,73.1,55.1
6/16/2019 9:00,67.3,0,68.8,56.7
6/16/2019 10:00,70.4,0,65.1,58.1
6/16/2019 11:00,73.9,0,61.4,59.8
6/16/2019 12:00,77,0,56.5,60.3
6/16/2019 13:00,80.8,0,51.3,61.1
6/16/2019 14:00,83.9,0,45.5,60.6
6/16/2019 15:00,85.2,0,39.5,57.8
6/16/2019 16:00,86,0,38.1,57.5
6/16/2019 17:00,85.4,0,38.5,57.3
6/16/2019 18:00,84.6,0,39.8,57.5
6/16/2019 19:00,83.9,0,40.4,57.3
6/16/2019 20:00,80.7,0,44.4,57
6/16/2019 21:00,76.1,0,53,57.7
6/16/2019 22:00,74.1,0,57.9,58.3
6/16/2019 23:00,72.3,0,63.8,59.3
6/17/2019 0:00,70.3,0,68.7,59.5
6/17/2019 1:00,69.4,0,72.7,60.2
6/17/2019 2:00,67.8,0,77.5,60.5
6/17/2019 3:00,66.4,0.2,81.3,60.5
6/17/2019 4:00,65.5,0.2,82.4,60
6/17/2019 5:00,63.7,0.9,85.3,59.2
6/17/2019 6:00,63.2,1.1,87.1,59.3
6/17/2019 7:00,64.8,0,87.4,61
6/17/2019 8:00,68.7,0,82.8,63.3
6/17/2019 9:00,73.2,0,73.1,64.1
6/17/2019 10:00,77.2,0,66,65
6/17/2019 11:00,81,0,60,65.8
6/17/2019 12:00,83.9,0,54.1,65.5
6/17/2019 13:00,85.4,0,48.1,63.5
6/17/2019 14:00,87,0,43.9,62.4
6/17/2019 15:00,89,0,40.5,61.9
6/17/2019 16:00,90,0,38.8,61.6
6/17/2019 17:00,87.6,0,38.7,59.4
6/17/2019 18:00,87,0,38.9,59
6/17/2019 19:00,86.8,0,38.2,58.3
6/17/2019 20:00,86.4,0,38.5,58.2
6/17/2019 21:00,83.7,0,39.5,56.5
6/17/2019 22:00,79.4,0,48,58
6/17/2019 23:00,79.9,0,46.1,57.3
6/18/2019 0:00,77.6,0,49.3,57.1
6/18/2019 1:00,74.8,0,55.2,57.6
6/18/2019 2:00,71.9,0,62.8,58.5
6/18/2019 3:00,67.8,0,71.7,58.3
6/18/2019 4:00,66.6,0,75.6,58.6
6/18/2019 5:00,65.9,0,77.9,58.8
6/18/2019 6:00,65.3,0,80.4,59.1
6/18/2019 7:00,67.3,0,78.3,60.3
6/18/2019 8:00,71.3,0,70.8,61.3
6/18/2019 9:00,76.1,0,62.3,62.3
6/18/2019 10:00,79.9,0,57.5,63.6
6/18/2019 11:00,83.4,0,55.4,65.7
6/18/2019 12:00,85.8,0,52.4,66.4
6/18/2019 13:00,89,0,49.5,67.7
6/18/2019 14:00,90.8,0,45.7,67
6/18/2019 15:00,91.9,0,43.9,66.8
6/18/2019 16:00,91.9,0,43.8,66.7
6/18/2019 17:00,91.4,0,42.7,65.6
6/18/2019 18:00,90.2,0,42.5,64.3
6/18/2019 19:00,88.8,0,47.6,66.3
6/18/2019 20:00,85.4,0,50.6,65
6/18/2019 21:00,82.3,0,54.9,64.5
6/18/2019 22:00,79.4,0,59.6,64.1
6/18/2019 23:00,77.4,0,66.2,65.2
6/19/2019 0:00,77.4,0,66,65.1
6/19/2019 1:00,75.7,0,69.1,64.8
6/19/2019 2:00,72.4,0,76.1,64.4
6/19/2019 3:00,71.1,0,77.8,63.8
6/19/2019 4:00,69.6,0,81.3,63.6
6/19/2019 5:00,68.7,0.5,84.2,63.7
6/19/2019 6:00,67.6,0.7,86.1,63.3
6/19/2019 7:00,69,0,84.4,64.1
6/19/2019 8:00,73.4,0,77.5,65.9
6/19/2019 9:00,77.2,0,70.8,67
6/19/2019 10:00,81,0,60.4,66
6/19/2019 11:00,84.3,0,57,67.4
6/19/2019 12:00,87,0,55.2,69
6/19/2019 13:00,90,0,50.4,69.1
6/19/2019 14:00,92.1,0,47,69
6/19/2019 15:00,94.1,0,43.8,68.7
6/19/2019 16:00,94.7,0,41.3,67.6
6/19/2019 17:00,95.1,0,30.2,59
6/19/2019 18:00,94.9,0,27.7,56.4
6/19/2019 19:00,92.7,0,29.6,56.4
6/19/2019 20:00,87.8,0,34.3,56.2
6/19/2019 21:00,83,0,42.8,58.1
6/19/2019 22:00,79.2,0,50.1,59
6/19/2019 23:00,76.1,0,59.9,61.2
6/20/2019 0:00,77.2,0,57.2,60.9
6/20/2019 1:00,75,0,57.6,59
6/20/2019 2:00,73.4,0,58.6,58
6/20/2019 3:00,70.6,0,63.2,57.5
6/20/2019 4:00,68.5,0,67.8,57.4
6/20/2019 5:00,66.6,0,71.7,57.2
6/20/2019 6:00,65.3,0,74.1,56.8
6/20/2019 7:00,65.9,0,78.4,59
6/20/2019 8:00,68.9,0,73.9,60.2
6/20/2019 9:00,71.9,0,69.3,61.3
6/20/2019 10:00,75.6,0,64.3,62.7
6/20/2019 11:00,79.8,0,57.7,63.6
6/20/2019 12:00,82.7,0,49.5,61.9
6/20/2019 13:00,85.4,0,45.7,62.1
6/20/2019 14:00,86.4,0,43.4,61.5
6/20/2019 15:00,87.4,0,42.2,61.6
6/20/2019 16:00,87.2,0,42.2,61.4
6/20/2019 17:00,86.2,0,43.3,61.3
6/20/2019 18:00,84.8,0,43.7,60.3
6/20/2019 19:00,83.6,0,40.9,57.3
6/20/2019 20:00,81,0,44.7,57.5
6/20/2019 21:00,78.3,0,50.3,58.3
6/20/2019 22:00,76.7,0,53.6,58.6
6/20/2019 23:00,74.3,0,55.1,57.1
6/21/2019 0:00,70.8,0,57.5,55
6/21/2019 1:00,68.5,0,60.2,54.2
6/21/2019 2:00,66.4,0,63.3,53.5
6/21/2019 3:00,63.7,0,68.1,53
6/21/2019 4:00,61.2,0.1,77.2,54
6/21/2019 5:00,60.2,0.2,81,54.3
6/21/2019 6:00,59.3,0.1,82.7,54
6/21/2019 7:00,61.2,0,83.2,56.1
6/21/2019 8:00,64.1,0,75.4,56.2
6/21/2019 9:00,67.4,0,65.6,55.5
6/21/2019 10:00,70.4,0,59.4,55.6
6/21/2019 11:00,73.4,0,53.3,55.4
6/21/2019 12:00,75.7,0,49.8,55.6
6/21/2019 13:00,77.8,0,47.5,56.2
6/21/2019 14:00,79,0,45.9,56.4
6/21/2019 15:00,81.2,0,44.2,57.3
6/21/2019 16:00,81.8,0,42.9,57
6/21/2019 17:00,82.1,0,41.5,56.4
6/21/2019 18:00,82.1,0,41,56.1
6/21/2019 19:00,81.4,0,35.8,51.7
6/21/2019 20:00,79,0,32.1,46.7
6/21/2019 21:00,75.2,0,36.1,46.5
6/21/2019 22:00,71.3,0,43.5,47.9
6/21/2019 23:00,68.5,0,50.9,49.6
6/22/2019 0:00,67.8,0,51.5,49.3
6/22/2019 1:00,66.9,0,51.8,48.6
6/22/2019 2:00,63.9,0,57.9,48.8
6/22/2019 3:00,62.8,0,60.9,49.1
6/22/2019 4:00,60.5,0,67.3,49.6
6/22/2019 5:00,58.6,0,73.9,50.3
6/22/2019 6:00,57.1,0,78.2,50.4
6/22/2019 7:00,59.1,0,80.4,53.1
6/22/2019 8:00,64.3,0,72.4,55.2
6/22/2019 9:00,68.9,0,63.8,56.1
6/22/2019 10:00,73.2,0,53.5,55.3
6/22/2019 11:00,77,0,46.3,54.8
6/22/2019 12:00,80.7,0,39.9,54.1
6/22/2019 13:00,82.3,0,36.4,53
6/22/2019 14:00,83.7,0,33.4,51.9
6/22/2019 15:00,85.6,0,32.3,52.6
6/22/2019 16:00,86.8,0,31.4,52.9
6/22/2019 17:00,85.2,0,33.4,53.2
6/22/2019 18:00,84.8,0,32.1,51.7
6/22/2019 19:00,84.1,0,34.2,52.9
6/22/2019 20:00,79.2,0,40.8,53.3
6/22/2019 21:00,76.1,0,43.5,52.3
6/22/2019 22:00,74.1,0,45.2,51.5
6/22/2019 23:00,72.3,0,49.3,52.2
6/23/2019 0:00,71.1,0,53.4,53.3
6/23/2019 1:00,68.3,0,56.9,52.4
6/23/2019 2:00,64.6,0,67.2,53.5
6/23/2019 3:00,63.2,0,74.1,54.8
6/23/2019 4:00,61.6,0,76.9,54.3
6/23/2019 5:00,60.7,0,79.9,54.5
6/23/2019 6:00,60,0,82,54.5
6/23/2019 7:00,63,0,77.7,55.9
6/23/2019 8:00,69.4,0,64.5,56.9
6/23/2019 9:00,74.3,0,55.5,57.3
6/23/2019 10:00,79.2,0,45.2,56.1
6/23/2019 11:00,83.2,0,41,57
6/23/2019 12:00,86,0,39.4,58.4
6/23/2019 13:00,88.4,0,37.2,59
6/23/2019 14:00,90.4,0,34.2,58.4
6/23/2019 15:00,91.7,0,31.7,57.4
6/23/2019 16:00,91.2,0,29,54.5
6/23/2019 17:00,90.2,0,31.7,56.1
6/23/2019 18:00,89.6,0,32.1,55.9
6/23/2019 19:00,87.8,0,34.4,56.3
6/23/2019 20:00,83.7,0,40.7,57.3
6/23/2019 21:00,80.3,0,42.7,55.6
6/23/2019 22:00,76.5,0,46.3,54.4
6/23/2019 23:00,73.4,0,52.8,55.1
6/24/2019 0:00,73.7,0,50,53.9
6/24/2019 1:00,73.2,0,50.6,53.8
6/24/2019 2:00,68.7,0,59,53.8
6/24/2019 3:00,65.7,0,67.2,54.5
6/24/2019 4:00,63.7,0,72.7,54.8
6/24/2019 5:00,62.3,0,77,55
6/24/2019 6:00,60.9,0.1,79.7,54.6
6/24/2019 7:00,63.7,0,79.5,57.2
6/24/2019 8:00,69.4,0,71.3,59.7
6/24/2019 9:00,74.3,0,62,60.4
6/24/2019 10:00,79.6,0,50.4,59.5
6/24/2019 11:00,83,0,48.6,61.6
6/24/2019 12:00,86.2,0,43.3,61.3
6/24/2019 13:00,89.4,0,42.2,63.4
6/24/2019 14:00,91.7,0,32.1,57.7
6/24/2019 15:00,91.4,0,34.1,59.2
6/24/2019 16:00,91.7,0,31.4,57.1
6/24/2019 17:00,91.9,0,24.2,50.2
6/24/2019 18:00,91.5,0,22,47.3
6/24/2019 19:00,88.4,0,30.8,53.7
6/24/2019 20:00,84.3,0,33.6,52.6
6/24/2019 21:00,80.7,0,35.2,50.7
6/24/2019 22:00,79.4,0,35.3,49.6
6/24/2019 23:00,76.1,0,42,51.3
6/25/2019 0:00,73.4,0,50.9,54.1
6/25/2019 1:00,69.2,0,59.1,54.3
6/25/2019 2:00,66.6,0,64.2,54.1
6/25/2019 3:00,67.3,0,62.8,54.2
6/25/2019 4:00,65.9,0,65.1,53.8
6/25/2019 5:00,63.7,0,67.6,52.8
6/25/2019 6:00,60.7,0,75.3,52.8
6/25/2019 7:00,62.5,0,76.8,55.1
6/25/2019 8:00,67.8,0,70.6,57.9
6/25/2019 9:00,72.3,0,63,59
6/25/2019 10:00,75.4,0,60.4,60.7
6/25/2019 11:00,80.3,0,53.1,61.7
6/25/2019 12:00,83.9,0,45.7,60.7
6/25/2019 13:00,87,0,36.7,57.4
6/25/2019 14:00,89.2,0,29.3,53.1
6/25/2019 15:00,90.2,0,27.8,52.5
6/25/2019 16:00,90.4,0,25.5,50.3
6/25/2019 17:00,89.8,0,25.1,49.4
6/25/2019 18:00,88.6,0,24,47.2
6/25/2019 19:00,88,0,24.3,47
6/25/2019 20:00,83.9,0,26,45.3
6/25/2019 21:00,79.6,0,32.4,47.5
6/25/2019 22:00,76.7,0,38.9,49.8
6/25/2019 23:00,75,0,38.7,48.2
6/26/2019 0:00,73.7,0,35.6,44.8
6/26/2019 1:00,70.6,0,40.8,45.6
6/26/2019 2:00,67.4,0,46.9,46.4
6/26/2019 3:00,64.4,0,52.6,46.7
6/26/2019 4:00,64.1,0,52,46.1
6/26/2019 5:00,62.3,0,53.3,45.1
6/26/2019 6:00,58.9,0,62.8,46.2
6/26/2019 7:00,60,0,67.5,49.2
6/26/2019 8:00,64.3,0,60.1,50.2
6/26/2019 9:00,68.5,0,52.6,50.5
6/26/2019 10:00,71.5,0,47.1,50.3
6/26/2019 11:00,75.6,0,44.3,52.3
6/26/2019 12:00,78.3,0,41.7,53.1
6/26/2019 13:00,81.8,0,38.9,54.3
6/26/2019 14:00,83.4,0,35.6,53.3
6/26/2019 15:00,83.6,0,33.4,51.8
6/26/2019 16:00,84.8,0,30.9,50.7
6/26/2019 17:00,84.3,0,28.5,48.1
6/26/2019 18:00,83.7,0,29.1,48.2
6/26/2019 19:00,81.9,0,31.7,48.9
6/26/2019 20:00,79.2,0,34.4,48.7
6/26/2019 21:00,75.6,0,38.1,48.3
6/26/2019 22:00,73.2,0,43.7,49.8
6/26/2019 23:00,70.6,0,46.4,49
6/27/2019 0:00,68.2,0,48.3,47.9
6/27/2019 1:00,65.7,0,50.5,46.8
6/27/2019 2:00,63,0,54.9,46.5
6/27/2019 3:00,60.7,0,61.2,47.3
6/27/2019 4:00,59.1,0,63.6,46.8
6/27/2019 5:00,58,0,65.7,46.6
6/27/2019 6:00,57.3,0,68.7,47.1
6/27/2019 7:00,58.6,0,69.3,48.6
6/27/2019 8:00,61.1,0,66.7,49.9
6/27/2019 9:00,63.9,0,63.2,51.1
6/27/2019 10:00,67.1,0,57.4,51.5
6/27/2019 11:00,70.6,0,52.3,52.3
6/27/2019 12:00,73.5,0,49.3,53.3
6/27/2019 13:00,76.8,0,43.8,53.1
6/27/2019 14:00,78.9,0,40.7,53
6/27/2019 15:00,79.8,0,38.4,52.2
6/27/2019 16:00,80.8,0,35.9,51.3
6/27/2019 17:00,80.7,0,36.1,51.3
6/27/2019 18:00,79.8,0,35.9,50.4
6/27/2019 19:00,79.4,0,34.8,49.2
6/27/2019 20:00,76.3,0,35.6,47.1
6/27/2019 21:00,71.9,0,36.6,43.9
6/27/2019 22:00,69.4,0,39.9,44
6/27/2019 23:00,67.8,0,42.8,44.4
6/28/2019 0:00,65.5,0,45,43.6
6/28/2019 1:00,62.3,0,51.5,44.2
6/28/2019 2:00,60.9,0,55.9,45
6/28/2019 3:00,60,0,60.4,46.2
6/28/2019 4:00,58.4,0,65.1,46.7
6/28/2019 5:00,56.4,0,69.8,46.7
6/28/2019 6:00,54.3,0,75.1,46.6
6/28/2019 7:00,56.4,0,76.8,49.2
6/28/2019 8:00,61.8,0,70.1,51.9
6/28/2019 9:00,67.1,0,58.6,52.1
6/28/2019 10:00,69.9,0,54.9,52.9
6/28/2019 11:00,74.6,0,50,54.7
6/28/2019 12:00,78.1,0,44.2,54.5
6/28/2019 13:00,81.4,0,40.5,55.1
6/28/2019 14:00,83.6,0,36.9,54.5
6/28/2019 15:00,84.3,0,33.3,52.3
6/28/2019 16:00,85.2,0,33.8,53.5
6/28/2019 17:00,81,0,36.3,51.8
6/28/2019 18:00,78.3,0,34.3,47.8
6/28/2019 19:00,76.8,0,33.4,45.8
6/28/2019 20:00,75.7,0,36.2,47
6/28/2019 21:00,72.6,0,39,46.2
6/28/2019 22:00,69.2,0,45.3,47.1
6/28/2019 23:00,66.7,0,50.5,47.7
6/29/2019 0:00,62.8,0,59.9,48.7
6/29/2019 1:00,61.1,0,65.8,49.6
6/29/2019 2:00,59.6,0,69.6,49.6
6/29/2019 3:00,58.6,0,72.8,49.9
6/29/2019 4:00,58.2,0,73.1,49.6
6/29/2019 5:00,56.2,0,76.9,49
6/29/2019 6:00,54.6,0.1,80,48.6
6/29/2019 7:00,56.8,0,82.3,51.5
6/29/2019 8:00,62.7,0,74.6,54.5
6/29/2019 9:00,68.5,0,62.3,55.1
6/29/2019 10:00,72.4,0,55,55.3
6/29/2019 11:00,76.7,0,51.8,57.6
6/29/2019 12:00,79.4,0,47.8,57.9
6/29/2019 13:00,82.7,0,41.5,56.9
6/29/2019 14:00,84.8,0,38.4,56.7
6/29/2019 15:00,86,0,36.7,56.5
6/29/2019 16:00,87.2,0,33.2,54.8
6/29/2019 17:00,86.4,0,33.3,54.1
6/29/2019 18:00,85.8,0,32.6,53
6/29/2019 19:00,84.3,0,33.9,52.8
6/29/2019 20:00,81.9,0,34.1,50.9
6/29/2019 21:00,79,0,33.9,48.2
6/29/2019 22:00,74.8,0,38.9,48.1
6/29/2019 23:00,74.1,0,39.4,47.8
6/30/2019 0:00,70.8,0,41,45.9
6/30/2019 1:00,66.7,0,46.1,45.3
6/30/2019 2:00,64.3,0,52.8,46.7
6/30/2019 3:00,62.7,0,56.1,46.8
6/30/2019 4:00,61.1,0,58.6,46.5
6/30/2019 5:00,58.4,0,65.2,46.8
6/30/2019 6:00,57.1,0,69.4,47.2
6/30/2019 7:00,59.3,0,71.1,49.9
6/30/2019 8:00,65.7,0,62.6,52.6
6/30/2019 9:00,70.3,0,57.1,54.4
6/30/2019 10:00,74.3,0,49.9,54.4
6/30/2019 11:00,78.3,0,45.7,55.6
6/30/2019 12:00,81.6,0,40.3,55.1
6/30/2019 13:00,85,0,37.3,56
6/30/2019 14:00,87.4,0,32.2,54.1
6/30/2019 15:00,88.8,0,30.9,54.2
6/30/2019 16:00,89.4,0,29.2,53.1
6/30/2019 17:00,88.6,0,30,53.2
6/30/2019 18:00,87.4,0,30.3,52.4
6/30/2019 19:00,85.4,0,32.7,52.8
6/30/2019 20:00,81.8,0,35.7,52
6/30/2019 21:00,77.9,0,37.7,50
6/30/2019 22:00,75.4,0,35.2,46
6/30/2019 23:00,73.9,0,41.5,49
7/1/2019 0:00,70.8,0,46.1,49
7/1/2019 1:00,68.9,0,44.3,46.3
7/1/2019 2:00,67.1,0,45.3,45.2
7/1/2019 3:00,64.8,0,49.3,45.3
7/1/2019 4:00,62.5,0,53.5,45.4
7/1/2019 5:00,61.6,0,57,46.2
7/1/2019 6:00,59.1,0,62.2,46.2
7/1/2019 7:00,59.8,0,67,48.8
7/1/2019 8:00,64.6,0,60,50.4
7/1/2019 9:00,69.4,0,54.7,52.4
7/1/2019 10:00,74.3,0,50.5,54.7
7/1/2019 11:00,78.5,0,46.3,56.2
7/1/2019 12:00,82.1,0,42.2,56.9
7/1/2019 13:00,85.2,0,34.8,54.3
7/1/2019 14:00,87.6,0,30.3,52.6
7/1/2019 15:00,88.4,0,28,51.1
7/1/2019 16:00,88.4,0,24.6,47.7
7/1/2019 17:00,88,0,23.8,46.5
7/1/2019 18:00,87.4,0,21.7,43.5
7/1/2019 19:00,86.2,0,23,44
7/1/2019 20:00,81.6,0,25.3,42.7
7/1/2019 21:00,77.6,0,27.6,41.5
7/1/2019 22:00,75.2,0,36.4,46.7
7/1/2019 23:00,73.2,0,39,46.8
7/2/2019 0:00,70.1,0,45.9,48.3
7/2/2019 1:00,67.1,0,51.5,48.6
7/2/2019 2:00,63.9,0,55.5,47.6
7/2/2019 3:00,62.5,0,55.1,46.2
7/2/2019 4:00,61.2,0,54.6,44.7
7/2/2019 5:00,57.3,0,64,45.2
7/2/2019 6:00,56.2,0,67.7,45.7
7/2/2019 7:00,60,0,63.6,47.6
7/2/2019 8:00,64.3,0,55.7,48.1
7/2/2019 9:00,67.6,0,52.8,49.8
7/2/2019 10:00,71.7,0,47.6,50.7
7/2/2019 11:00,76.7,0,44.8,53.6
7/2/2019 12:00,80.8,0,38.3,53
7/2/2019 13:00,83.9,0,33.7,52.3
7/2/2019 14:00,86.2,0,30.2,51.3
7/2/2019 15:00,87,0,26.7,48.7
7/2/2019 16:00,88,0,25.8,48.6
7/2/2019 17:00,87.2,0,23.2,45.1
7/2/2019 18:00,86.8,0,22.5,44
7/2/2019 19:00,84.6,0,25,44.9
7/2/2019 20:00,79.4,0,31.4,46.5
7/2/2019 21:00,75.7,0,34.1,45.4
7/2/2019 22:00,74.5,0,42.3,50.1
7/2/2019 23:00,71.5,0,45.4,49.3
7/3/2019 0:00,68.7,0,50,49.3
7/3/2019 1:00,66.7,0,52.4,48.7
7/3/2019 2:00,64.6,0,54.5,47.8
7/3/2019 3:00,63.7,0,55.2,47.3
7/3/2019 4:00,60.9,0,60.7,47.2
7/3/2019 5:00,59.8,0,64.5,47.8
7/3/2019 6:00,57.5,0,70.3,47.9
7/3/2019 7:00,59.6,0,71.4,50.3
7/3/2019 8:00,63.6,0,66.3,52.2
7/3/2019 9:00,68.3,0,60.7,54.2
7/3/2019 10:00,72.4,0,54.9,55.3
7/3/2019 11:00,76.7,0,48.9,56
7/3/2019 12:00,80.1,0,42.9,55.5
7/3/2019 13:00,82.7,0,37.8,54.4
7/3/2019 14:00,84.6,0,33.4,52.7
7/3/2019 15:00,85.4,0,29.5,50
7/3/2019 16:00,85.8,0,29.7,50.5
7/3/2019 17:00,85,0,31.1,51.1
7/3/2019 18:00,84.3,0,32.1,51.3
7/3/2019 19:00,83.4,0,28.7,47.5
7/3/2019 20:00,80.8,0,31.8,48
7/3/2019 21:00,77.4,0,36.2,48.5
7/3/2019 22:00,73.2,0,43,49.4
7/3/2019 23:00,70.1,0,50.4,50.8
7/4/2019 0:00,68.9,0,56,52.6
7/4/2019 1:00,66.7,0,60,52.4
7/4/2019 2:00,65.5,0,60.1,51.3
7/4/2019 3:00,62.8,0,64.1,50.5
7/4/2019 4:00,61.1,0,67.3,50.2
7/4/2019 5:00,59.1,0,71.1,49.7
7/4/2019 6:00,57.5,0,74.1,49.3
7/4/2019 7:00,59.6,0,73.3,51
7/4/2019 8:00,64.6,0,64.2,52.2
7/4/2019 9:00,68.9,0,61.2,55
7/4/2019 10:00,72.6,0,56.9,56.4
7/4/2019 11:00,77,0,51,57.5
7/4/2019 12:00,81,0,45.3,57.8
7/4/2019 13:00,83.7,0,43.5,59.1
7/4/2019 14:00,86,0,38.2,57.6
7/4/2019 15:00,87.2,0,35.3,56.4
7/4/2019 16:00,87.8,0,30.7,53.1
7/4/2019 17:00,87.2,0,30.7,52.6
7/4/2019 18:00,86.8,0,28.3,50.1
7/4/2019 19:00,84.6,0,30.2,49.9
7/4/2019 20:00,79.2,0,35.4,49.5
7/4/2019 21:00,74.5,0,43.4,50.8
7/4/2019 22:00,71.3,0,48.8,51
7/4/2019 23:00,68.7,0,58.5,53.6
7/5/2019 0:00,67.8,0,58.9,52.9
7/5/2019 1:00,66.4,0,61.8,52.9
7/5/2019 2:00,64.4,0,65.3,52.5
7/5/2019 3:00,63.4,0,69.2,53.1
7/5/2019 4:00,62.7,0,71.4,53.3
7/5/2019 5:00,60.9,0,75.2,53
7/5/2019 6:00,59.6,0.1,79.2,53.1
7/5/2019 7:00,61.4,0,82,55.9
7/5/2019 8:00,67.1,0,73.8,58.5
7/5/2019 9:00,73.5,0,60.6,59
7/5/2019 10:00,77.9,0,54.4,60.1
7/5/2019 11:00,82.3,0,49.9,61.7
7/5/2019 12:00,85.4,0,44.3,61.2
7/5/2019 13:00,88.4,0,40,61
7/5/2019 14:00,90.6,0,31.4,56.2
7/5/2019 15:00,91.5,0,32.1,57.6
7/5/2019 16:00,92.3,0,31.2,57.5
7/5/2019 17:00,91.4,0,30.1,55.7
7/5/2019 18:00,90.4,0,28,52.9
7/5/2019 19:00,88.4,0,28.3,51.4
7/5/2019 20:00,83.6,0,34.3,52.5
7/5/2019 21:00,79.6,0,37.4,51.3
7/5/2019 22:00,74.8,0,45.4,52.3
7/5/2019 23:00,76.1,0,43.7,52.4
7/6/2019 0:00,72.4,0,49.8,52.6
7/6/2019 1:00,71.3,0,49.1,51.2
7/6/2019 2:00,67.4,0,57.4,51.8
7/6/2019 3:00,65.3,0,63.7,52.7
7/6/2019 4:00,65,0,66.2,53.4
7/6/2019 5:00,63,0,70.6,53.3
7/6/2019 6:00,61.6,0,75.3,53.7
7/6/2019 7:00,63.9,0,77.4,56.7
7/6/2019 8:00,69.7,0,69,59.1
7/6/2019 9:00,74.5,0,59.9,59.7
7/6/2019 10:00,78.3,0,55.6,61.1
7/6/2019 11:00,82.7,0,47.9,61
7/6/2019 12:00,85.8,0,44.3,61.6
7/6/2019 13:00,89.6,0,40.3,62.3
7/6/2019 14:00,91.9,0,36.9,61.8
7/6/2019 15:00,92.3,0,30.3,56.7
7/6/2019 16:00,93.5,0,25.1,52.5
7/6/2019 17:00,92.5,0,25.1,51.7
7/6/2019 18:00,91,0,24.7,50
7/6/2019 19:00,87.4,0,31.4,53.4
7/6/2019 20:00,83,0,36.7,53.8
7/6/2019 21:00,78.1,0,40.8,52.3
7/6/2019 22:00,76.8,0,45.3,54
7/6/2019 23:00,74.6,0,48.1,53.7
7/7/2019 0:00,71.9,0,49.8,52.1
7/7/2019 1:00,67.6,0,58,52.3
7/7/2019 2:00,66.6,0,62.5,53.4
7/7/2019 3:00,66,0,63.6,53.3
7/7/2019 4:00,63.9,0,68.2,53.2
7/7/2019 5:00,62.5,0,70.1,52.6
7/7/2019 6:00,61.1,0,73.8,52.7
7/7/2019 7:00,63.4,0,73.4,54.7
7/7/2019 8:00,67.6,0,71.1,57.9
7/7/2019 9:00,71.1,0,62,57.4
7/7/2019 10:00,75.6,0,54.2,57.9
7/7/2019 11:00,79.2,0,50.1,59
7/7/2019 12:00,81.8,0,44.2,57.9
7/7/2019 13:00,82.7,0,38.8,55.1
7/7/2019 14:00,82.8,0,36.2,53.3
7/7/2019 15:00,84.1,0,30.6,49.8
7/7/2019 16:00,88.6,0,27.1,50.4
7/7/2019 17:00,88.6,0,27.3,50.6
7/7/2019 18:00,86.8,0,30.6,52.2
7/7/2019 19:00,85.8,0,25.7,46.6
7/7/2019 20:00,81.9,0,30.6,47.9
7/7/2019 21:00,76.5,0,37.8,48.9
7/7/2019 22:00,74.8,0,45,52
7/7/2019 23:00,71.7,0,48.3,51.1
7/8/2019 0:00,69.4,0,50.8,50.4
7/8/2019 1:00,66.9,0,54,49.7
7/8/2019 2:00,64.4,0,57.5,49.1
7/8/2019 3:00,62.3,0,60.6,48.5
7/8/2019 4:00,61.2,0,61.8,48
7/8/2019 5:00,58.7,0,67.8,48.1
7/8/2019 6:00,56.8,0,73.4,48.4
7/8/2019 7:00,57.8,0,76.2,50.4
7/8/2019 8:00,62.8,0,67.3,51.8
7/8/2019 9:00,66.6,0,62.3,53.3
7/8/2019 10:00,70.6,0,57,54.6
7/8/2019 11:00,75.4,0,50,55.5
7/8/2019 12:00,78.9,0,46.6,56.7
7/8/2019 13:00,82.3,0,36.9,53.3
7/8/2019 14:00,84.6,0,31.7,51.2
7/8/2019 15:00,85.6,0,29.5,50.2
7/8/2019 16:00,86.2,0,28.2,49.5
7/8/2019 17:00,85.6,0,27,47.8
7/8/2019 18:00,85.2,0,27.7,48.1
7/8/2019 19:00,83.4,0,28.8,47.6
7/8/2019 20:00,79.8,0,30.9,46.4
7/8/2019 21:00,77.8,0,31.2,44.9
7/8/2019 22:00,75,0,36.9,46.9
7/8/2019 23:00,72.4,0,39.8,46.6
7/9/2019 0:00,68.3,0,47.8,47.7
7/9/2019 1:00,66,0,56,49.8
7/9/2019 2:00,63.6,0,63,50.8
7/9/2019 3:00,62.5,0,67,51.4
7/9/2019 4:00,60.2,0,71.4,50.9
7/9/2019 5:00,58,0,75.7,50.4
7/9/2019 6:00,56.2,0.5,79.4,49.9
7/9/2019 7:00,57.5,0,82.8,52.3
7/9/2019 8:00,62.3,0,77,55
7/9/2019 9:00,66.7,0,69.4,56.4
7/9/2019 10:00,70.8,0,62,57.1
7/9/2019 11:00,75.6,0,54.5,58
7/9/2019 12:00,79,0,47.4,57.3
7/9/2019 13:00,82.1,0,42,56.7
7/9/2019 14:00,83.9,0,37.3,55.1
7/9/2019 15:00,85,0,37.3,56
7/9/2019 16:00,86.6,0,33.7,54.6
7/9/2019 17:00,86.2,0,31.2,52.2
7/9/2019 18:00,85.6,0,31.3,51.8
7/9/2019 19:00,83.9,0,32.7,51.5
7/9/2019 20:00,80.1,0,36.9,51.4
7/9/2019 21:00,74.5,0,43.7,51
7/9/2019 22:00,71,0,49.4,51.1
7/9/2019 23:00,71.7,0,46.3,50
7/10/2019 0:00,70.1,0,48.4,49.7
7/10/2019 1:00,67.3,0,56.4,51.3
7/10/2019 2:00,64.3,0,64.7,52.2
7/10/2019 3:00,62.7,0,70.6,53
7/10/2019 4:00,61.6,0,74.1,53.3
7/10/2019 5:00,59.5,0.1,76.8,52.2
7/10/2019 6:00,58.9,0,79,52.4
7/10/2019 7:00,62,0,76.8,54.6
7/10/2019 8:00,65.3,0,71.3,55.8
7/10/2019 9:00,69.4,0,66.1,57.6
7/10/2019 10:00,73.9,0,60.2,59.2
7/10/2019 11:00,78.1,0,52.1,59.1
7/10/2019 12:00,81.8,0,48.4,60.4
7/10/2019 13:00,85,0,42.9,59.9
7/10/2019 14:00,87.4,0,39.5,59.8
7/10/2019 15:00,89,0,37.7,59.9
7/10/2019 16:00,90.4,0,35.4,59.3
7/10/2019 17:00,90.2,0,32.6,56.9
7/10/2019 18:00,89.2,0,33.9,57.1
7/10/2019 19:00,87.8,0,35.1,56.8
7/10/2019 20:00,83,0,39.9,56.1
7/10/2019 21:00,79.6,0,44.4,56
7/10/2019 22:00,76.7,0,47.1,55
7/10/2019 23:00,75.7,0,49.5,55.5
7/11/2019 0:00,74.3,0,52.8,56
7/11/2019 1:00,71.7,0,58,56.1
7/11/2019 2:00,69,0,62.8,55.8
7/11/2019 3:00,67.4,0,66.7,55.9
7/11/2019 4:00,65.3,0,70.8,55.6
7/11/2019 5:00,63.4,0,75.4,55.5
7/11/2019 6:00,63.4,0,75.2,55.4
7/11/2019 7:00,65,0,76.4,57.4
7/11/2019 8:00,69.6,0,67.2,58.2
7/11/2019 9:00,73.4,0,63.5,60.3
7/11/2019 10:00,76.7,0,58.7,61.1
7/11/2019 11:00,80.3,0,54.6,62.5
7/11/2019 12:00,83,0,48.1,61.3
7/11/2019 13:00,85.4,0,44.3,61.2
7/11/2019 14:00,87.8,0,41.5,61.5
7/11/2019 15:00,89.4,0,40.7,62.4
7/11/2019 16:00,90.8,0,38.2,61.8
7/11/2019 17:00,91.4,0,34.4,59.4
7/11/2019 18:00,90.8,0,33.1,57.8
7/11/2019 19:00,88.8,0,34.4,57.1
7/11/2019 20:00,83.6,0,43,58.7
7/11/2019 21:00,80.5,0,45.4,57.4
7/11/2019 22:00,78.1,0,44.3,54.6
7/11/2019 23:00,77.2,0,46.8,55.3
7/12/2019 0:00,74.8,0,50.4,55.1
7/12/2019 1:00,71.5,0,56.9,55.4
7/12/2019 2:00,69,0,62.2,55.5
7/12/2019 3:00,69.6,0,61,55.6
7/12/2019 4:00,67.3,0,64.8,55
7/12/2019 5:00,65.9,0,68.8,55.4
7/12/2019 6:00,63.2,0,76.4,55.7
7/12/2019 7:00,64.8,0,78.4,57.9
7/12/2019 8:00,68.5,0,70.8,58.6
7/12/2019 9:00,74.3,0,64,61.3
7/12/2019 10:00,77.6,0,59,62.1
7/12/2019 11:00,81.2,0,55.4,63.7
7/12/2019 12:00,83.6,0,51.8,64
7/12/2019 13:00,87.2,0,47,64.5
7/12/2019 14:00,89.4,0,43.5,64.3
7/12/2019 15:00,90.4,0,41,63.5
7/12/2019 16:00,91.4,0,39.2,63.1
7/12/2019 17:00,92.1,0,35.6,61
7/12/2019 18:00,91.5,0,35.1,60.1
7/12/2019 19:00,88.8,0,35.9,58.3
7/12/2019 20:00,85,0,39.8,57.8
7/12/2019 21:00,79.6,0,45.7,56.8
7/12/2019 22:00,78.3,0,46.6,56.2
7/12/2019 23:00,75.4,0,54,57.6
7/13/2019 0:00,71.5,0,62.6,58.1
7/13/2019 1:00,69.9,0,68,58.9
7/13/2019 2:00,68.3,0,72.4,59.1
7/13/2019 3:00,66.4,0.1,76.9,58.9
7/13/2019 4:00,64.6,0.8,81.3,58.7
7/13/2019 5:00,63.4,1.3,84,58.5
7/13/2019 6:00,62.8,0.3,83.9,57.9
7/13/2019 7:00,66.2,0,81.7,60.4
7/13/2019 8:00,71.5,0,76.7,63.8
7/13/2019 9:00,77.2,0,66.8,65.3
7/13/2019 10:00,81.8,0,57.5,65.3
7/13/2019 11:00,85.4,0,51.1,65.3
7/13/2019 12:00,87.8,0,50.5,67.1
7/13/2019 13:00,91.7,0,44.9,67.3
7/13/2019 14:00,94.1,0,39.4,65.7
7/13/2019 15:00,94.7,0,34.1,62.1
7/13/2019 16:00,95.9,0,36.1,64.7
7/13/2019 17:00,95.5,0,34.2,62.8
7/13/2019 18:00,94.3,0,32.8,60.6
7/13/2019 19:00,93.7,0,29.7,57.3
7/13/2019 20:00,87.6,0,38.5,59.2
7/13/2019 21:00,81.2,0,45,57.8
7/13/2019 22:00,80.3,0,43.5,56.1
7/13/2019 23:00,78.5,0,46.5,56.3
7/14/2019 0:00,76.1,0,51,56.7
7/14/2019 1:00,73,0,60.9,58.7
7/14/2019 2:00,71.7,0,63.2,58.5
7/14/2019 3:00,70.1,0,65.5,58
7/14/2019 4:00,70.4,0,62.5,57
7/14/2019 5:00,68.2,0,66.3,56.5
7/14/2019 6:00,65.7,0,73.2,56.9
7/14/2019 7:00,66.6,0,76.9,59.1
7/14/2019 8:00,72.8,0,63.8,59.8
7/14/2019 9:00,76.8,0,61.7,62.7
7/14/2019 10:00,81.4,0,55.5,63.9
7/14/2019 11:00,84.8,0,52,65.2
7/14/2019 12:00,87.4,0,46.9,64.6
7/14/2019 13:00,91.2,0,42.8,65.4
7/14/2019 14:00,92.7,0,37.3,62.8
7/14/2019 15:00,94.5,0,32.6,60.6
7/14/2019 16:00,96.1,0,30.9,60.5
7/14/2019 17:00,95.3,0,29.2,58.2
7/14/2019 18:00,94.3,0,26.3,54.5
7/14/2019 19:00,93.5,0,24.1,51.4
7/14/2019 20:00,89.4,0,26.5,50.5
7/14/2019 21:00,84.6,0,29,48.8
7/14/2019 22:00,81,0,32.3,48.6
7/14/2019 23:00,78.7,0,37.6,50.7
7/15/2019 0:00,75.7,0,44.4,52.5
7/15/2019 1:00,71.9,0,50.9,52.7
7/15/2019 2:00,69.4,0,55.5,52.8
7/15/2019 3:00,67.1,0,59.5,52.5
7/15/2019 4:00,63.9,0,66.1,52.4
7/15/2019 5:00,61.6,0,71.4,52.3
7/15/2019 6:00,60,0,77.2,52.8
7/15/2019 7:00,61.6,0,79.5,55.2
7/15/2019 8:00,66.4,0,73.7,57.7
7/15/2019 9:00,71.9,0,64.1,59.1
7/15/2019 10:00,76.5,0,56.7,60
7/15/2019 11:00,81,0,52,61.7
7/15/2019 12:00,84.8,0,42.7,59.6
7/15/2019 13:00,87.6,0,39,59.6
7/15/2019 14:00,89.4,0,38.8,61
7/15/2019 15:00,91.5,0,33.8,59
7/15/2019 16:00,93.3,0,30.7,57.9
7/15/2019 17:00,93.1,0,28.2,55.4
7/15/2019 18:00,93.1,0,26.1,53.2
7/15/2019 19:00,91.4,0,27,52.7
7/15/2019 20:00,87,0,30.9,52.6
7/15/2019 21:00,81.6,0,37.9,53.5
7/15/2019 22:00,78.3,0,42,53.3
7/15/2019 23:00,77.9,0,44.9,54.8
7/16/2019 0:00,75.6,0,48.1,54.6
7/16/2019 1:00,71.7,0,51.8,53
7/16/2019 2:00,69.7,0,54.9,52.8
7/16/2019 3:00,67.1,0,59.6,52.6
7/16/2019 4:00,65.3,0,63.2,52.5
7/16/2019 5:00,63.4,0,67.6,52.5
7/16/2019 6:00,63.2,0,68.6,52.7
7/16/2019 7:00,64.4,0,69.1,54
7/16/2019 8:00,68.3,0,65.7,56.4
7/16/2019 9:00,72.1,0,62.8,58.7
7/16/2019 10:00,76.5,0,57.9,60.6
7/16/2019 11:00,80.5,0,51.6,61
7/16/2019 12:00,84.5,0,44.9,60.8
7/16/2019 13:00,87.6,0,41.7,61.5
7/16/2019 14:00,88.8,0,38.5,60.3
7/16/2019 15:00,89.6,0,36.2,59.3
7/16/2019 16:00,90.4,0,34.9,58.9
7/16/2019 17:00,90.6,0,32.7,57.3
7/16/2019 18:00,90.2,0,30.7,55.2
7/16/2019 19:00,88.6,0,34.1,56.7
7/16/2019 20:00,85.2,0,36.4,55.5
7/16/2019 21:00,81.6,0,40.9,55.5
7/16/2019 22:00,78.5,0,45.4,55.6
7/16/2019 23:00,77.6,0,39,50.7
7/17/2019 0:00,74.6,0,40.2,48.8
7/17/2019 1:00,71.9,0,43.8,48.7
7/17/2019 2:00,69.6,0,47.4,48.7
7/17/2019 3:00,66.9,0,52.9,49.2
7/17/2019 4:00,65.2,0,57,49.6
7/17/2019 5:00,64.1,0,58.7,49.3
7/17/2019 6:00,62.1,0,64,49.8
7/17/2019 7:00,62.3,0,69.2,52.1
7/17/2019 8:00,67.1,0,61.5,53.4
7/17/2019 9:00,71.7,0,53.3,53.8
7/17/2019 10:00,75.2,0,50.3,55.4
7/17/2019 11:00,79,0,44.7,55.7
7/17/2019 12:00,82.5,0,39.4,55.3
7/17/2019 13:00,85.2,0,39.5,57.8
7/17/2019 14:00,87,0,38.3,58.5
7/17/2019 15:00,87.6,0,39.4,59.9
7/17/2019 16:00,89,0,38.4,60.4
7/17/2019 17:00,88.6,0,35.9,58.1
7/17/2019 18:00,86.6,0,38.1,58
7/17/2019 19:00,83.9,0,36.9,54.8
7/17/2019 20:00,81.2,0,40.3,54.8
7/17/2019 21:00,77.9,0,43.8,54.1
7/17/2019 22:00,75.7,0,48.9,55.1
7/17/2019 23:00,72.3,0,55.6,55.5
7/18/2019 0:00,69.4,0,62.8,56.2
7/18/2019 1:00,68.3,0,66.1,56.5
7/18/2019 2:00,66.9,0,69.4,56.6
7/18/2019 3:00,64.8,0,75.2,56.8
7/18/2019 4:00,63.6,0,79.9,57.3
7/18/2019 5:00,62.3,0.4,81.8,56.7
7/18/2019 6:00,61.2,0.2,82.3,55.8
7/18/2019 7:00,62.1,0,78.2,55.2
7/18/2019 8:00,66.9,0,67.3,55.7
7/18/2019 9:00,73.2,0,57.4,57.2
7/18/2019 10:00,78.3,0,50.8,58.6
7/18/2019 11:00,82.8,0,46,59.9
7/18/2019 12:00,85.6,0,41.8,59.7
7/18/2019 13:00,89,0,36.7,59.1
7/18/2019 14:00,90.4,0,34.6,58.7
7/18/2019 15:00,91.5,0,32.7,58.1
7/18/2019 16:00,92.1,0,31.8,57.8
7/18/2019 17:00,91.5,0,32.2,57.7
7/18/2019 18:00,89.8,0,32.4,56.3
7/18/2019 19:00,86.4,0,38.9,58.4
7/18/2019 20:00,81.2,0,44.2,57.3
7/18/2019 21:00,80.1,0,44.9,56.8
7/18/2019 22:00,80.7,0,38.5,53.1
7/18/2019 23:00,76.8,0,42.5,52.3
7/19/2019 0:00,74.6,0,50.1,54.8
7/19/2019 1:00,71.7,0,57,55.6
7/19/2019 2:00,70.3,0,61,56.2
7/19/2019 3:00,67.8,0,66,56
7/19/2019 4:00,65,0,72.8,56.1
7/19/2019 5:00,63.6,0,77.5,56.4
7/19/2019 6:00,62.1,0.5,81.2,56.3
7/19/2019 7:00,63.4,0,83.5,58.3
7/19/2019 8:00,67.3,0,78.5,60.4
7/19/2019 9:00,71.5,0,70.9,61.6
7/19/2019 10:00,75.9,0,63,62.4
7/19/2019 11:00,80.1,0,56.2,63.1
7/19/2019 12:00,83.4,0,49.3,62.4
7/19/2019 13:00,85.4,0,45,61.6
7/19/2019 14:00,86.8,0,40.4,59.9
7/19/2019 15:00,88.2,0,38.5,59.8
7/19/2019 16:00,89.6,0,37.6,60.3
7/19/2019 17:00,88.6,0,37.1,59.1
7/19/2019 18:00,87.4,0,36.4,57.5
7/19/2019 19:00,85.6,0,37.4,56.6
7/19/2019 20:00,81.8,0,43.9,57.7
7/19/2019 21:00,79.8,0,47.3,58
7/19/2019 22:00,77.8,0,49.4,57.3
7/19/2019 23:00,73.9,0,58.6,58.5
7/20/2019 0:00,71.5,0,65.3,59.2
7/20/2019 1:00,70.6,0,67.3,59.2
7/20/2019 2:00,68.2,0,71.1,58.5
7/20/2019 3:00,65,0.1,78.8,58.3
7/20/2019 4:00,63.9,0.1,79.5,57.4
7/20/2019 5:00,63,0,79.5,56.6
7/20/2019 6:00,62.8,0,77.8,55.8
7/20/2019 7:00,63.2,0,80.4,57.1
7/20/2019 8:00,66.9,0,75.4,58.9
7/20/2019 9:00,70.6,0,71.8,61.1
7/20/2019 10:00,74.3,0,66.3,62.3
7/20/2019 11:00,78.1,0,59.7,62.9
7/20/2019 12:00,81,0,55.1,63.4
7/20/2019 13:00,84.6,0,49.8,63.8
7/20/2019 14:00,86.2,0,46.5,63.3
7/20/2019 15:00,88,0,44.7,63.8
7/20/2019 16:00,89.4,0,40.8,62.5
7/20/2019 17:00,89.4,0,39.8,61.8
7/20/2019 18:00,88,0,38.9,59.9
7/20/2019 19:00,86.2,0,40.3,59.3
7/20/2019 20:00,82.7,0,45.5,59.5
7/20/2019 21:00,79.8,0,50.6,59.8
7/20/2019 22:00,77,0,55.1,59.6
7/20/2019 23:00,75.7,0,57.4,59.6
7/21/2019 0:00,75.2,0,57.1,59
7/21/2019 1:00,71.9,0,62.6,58.4
7/21/2019 2:00,69.7,0,66.6,58.1
7/21/2019 3:00,67.3,0,73.2,58.4
7/21/2019 4:00,65.7,0.1,78.5,58.8
7/21/2019 5:00,64.3,0.4,81.4,58.5
7/21/2019 6:00,62.8,0.2,83.4,57.7
7/21/2019 7:00,64.1,0,83.7,59.1
7/21/2019 8:00,67.8,0,77.9,60.7
7/21/2019 9:00,73,0,70.9,63
7/21/2019 10:00,76.7,0,62.7,63
7/21/2019 11:00,80.5,0,58.4,64.6
7/21/2019 12:00,83.7,0,53.6,65.1
7/21/2019 13:00,87.2,0,47.3,64.7
7/21/2019 14:00,89.6,0,42.7,63.9
7/21/2019 15:00,91,0,39.2,62.8
7/21/2019 16:00,92.5,0,38.8,63.8
7/21/2019 17:00,92.3,0,37.6,62.7
7/21/2019 18:00,89.4,0,40.9,62.5
7/21/2019 19:00,86,0,44.7,62
7/21/2019 20:00,83.2,0,49.8,62.5
7/21/2019 21:00,80.3,0,55.2,62.8
7/21/2019 22:00,78.9,0,56.2,62
7/21/2019 23:00,75.7,0,61.6,61.6
7/22/2019 0:00,73.7,0,63,60.3
7/22/2019 1:00,71.9,0,68.2,60.8
7/22/2019 2:00,70.3,0,71.2,60.5
7/22/2019 3:00,68.3,0,76.8,60.7
7/22/2019 4:00,66.7,0,79.8,60.3
7/22/2019 5:00,65.9,0.1,82.9,60.6
7/22/2019 6:00,65.5,0.3,83.8,60.5
7/22/2019 7:00,66.2,0,86.3,62
7/22/2019 8:00,70.3,0,81,64.2
7/22/2019 9:00,76.1,0,73.9,67.2
7/22/2019 10:00,81.4,0,63.5,67.8
7/22/2019 11:00,85.6,0,56.1,68.2
7/22/2019 12:00,87.8,0,51.9,67.9
7/22/2019 13:00,90.6,0,48,68.2
7/22/2019 14:00,93.1,0,40.8,65.8
7/22/2019 15:00,95.3,0,37.6,65.4
7/22/2019 16:00,95.7,0,39,66.8
7/22/2019 17:00,95.7,0,37.1,65.3
7/22/2019 18:00,91.5,0,40.3,64
7/22/2019 19:00,92.1,0,39,63.6
7/22/2019 20:00,87.4,0,44.9,63.4
7/22/2019 21:00,83.4,0,54.5,65.3
7/22/2019 22:00,81.9,0,55.9,64.6
7/22/2019 23:00,79.6,0,59.5,64.2
7/23/2019 0:00,76.8,0,64.6,64
7/23/2019 1:00,75.2,0,69.1,64.4
7/23/2019 2:00,73.2,0,71.6,63.5
7/23/2019 3:00,71.7,0,72.9,62.5
7/23/2019 4:00,72.1,0,66.5,60.3
7/23/2019 5:00,71.7,0,64.5,59.1
7/23/2019 6:00,69.2,0,74.3,60.7
7/23/2019 7:00,69.2,0,78.8,62.3
7/23/2019 8:00,73.2,0,69.6,62.7
7/23/2019 9:00,77,0,64.8,64.2
7/23/2019 10:00,81.4,0,58.2,65.3
7/23/2019 11:00,84.6,0,54.7,66.5
7/23/2019 12:00,87.8,0,52.8,68.4
7/23/2019 13:00,91.9,0,46.1,68.2
7/23/2019 14:00,91.5,0,45.3,67.4
7/23/2019 15:00,92.7,0,44.8,68.1
7/23/2019 16:00,91.9,0,46.6,68.5
7/23/2019 17:00,93.7,0,44.2,68.6
7/23/2019 18:00,91.9,0,41.4,65.1
7/23/2019 19:00,91,0,43.5,65.7
7/23/2019 20:00,86.4,0,52.5,67
7/23/2019 21:00,85,0,51.4,65.1
7/23/2019 22:00,83.7,0,49.5,62.8
7/23/2019 23:00,81.9,0,47.5,60
7/24/2019 0:00,80.8,0,44.4,57.1
7/24/2019 1:00,78.1,0,47,56.2
7/24/2019 2:00,73.9,0,56.7,57.6
7/24/2019 3:00,71.3,0,64.8,58.8
7/24/2019 4:00,69.6,0,69.1,59
7/24/2019 5:00,68.5,0,70.8,58.6
7/24/2019 6:00,67.8,0,75.8,59.9
7/24/2019 7:00,68.2,0,76.2,60.4
7/24/2019 8:00,73.7,0,64.6,61
7/24/2019 9:00,78.3,0,62.8,64.6
7/24/2019 10:00,82.3,0,56.6,65.3
7/24/2019 11:00,85.4,0,49.8,64.5
7/24/2019 12:00,89,0,45.4,65.2
7/24/2019 13:00,91.5,0,43,65.8
7/24/2019 14:00,93.5,0,39.9,65.5
7/24/2019 15:00,94.5,0,39.7,66.2
7/24/2019 16:00,96.1,0,40.5,68.2
7/24/2019 17:00,96.9,0,37.4,66.6
7/24/2019 18:00,93.3,0,40.7,65.9
7/24/2019 19:00,91.9,0,42.8,66.1
7/24/2019 20:00,88.4,0,42.4,62.7
7/24/2019 21:00,87.6,0,41.9,61.6
7/24/2019 22:00,85,0,46.3,62.1
7/24/2019 23:00,82.5,0,47.9,60.8
7/25/2019 0:00,77.9,0,57.7,61.8
7/25/2019 1:00,74.8,0,64.8,62.2
7/25/2019 2:00,73,0,70.1,62.7
7/25/2019 3:00,71.7,0,69.1,61
7/25/2019 4:00,71,0,72.6,61.7
7/25/2019 5:00,70.4,0,76.9,62.8
7/25/2019 6:00,69.7,0,76.7,62.1
7/25/2019 7:00,69.9,0,80.7,63.7
7/25/2019 8:00,73,0,79.3,66.2
7/25/2019 9:00,77.2,0,67.1,65.4
7/25/2019 10:00,82.5,0,55.9,65.2
7/25/2019 11:00,85,0,50,64.3
7/25/2019 12:00,86.6,0,49,65.2
7/25/2019 13:00,91.7,0,42.7,65.8
7/25/2019 14:00,94.5,0,40,66.4
7/25/2019 15:00,95.7,0,33.9,62.8
7/25/2019 16:00,94.5,0,34.1,61.9
7/25/2019 17:00,95.9,0,33.2,62.3
7/25/2019 18:00,90,0,40.4,62.7
7/25/2019 19:00,87.8,0,46.5,64.8
7/25/2019 20:00,85,0,47.6,62.9
7/25/2019 21:00,84.5,0,52.6,65.3
7/25/2019 22:00,83,0,52.8,64
7/25/2019 23:00,82.3,0,57.6,65.8
7/26/2019 0:00,82.1,0,55.1,64.4
7/26/2019 1:00,80.1,0,59.6,64.8
7/26/2019 2:00,78.5,0,66.3,66.3
7/26/2019 3:00,78.7,0,64.2,65.6
7/26/2019 4:00,77.6,0,65.1,64.9
7/26/2019 5:00,75.9,0,68.3,64.7
7/26/2019 6:00,74.1,0,65,61.6
7/26/2019 7:00,72.4,0,64.5,59.7
7/26/2019 8:00,75.9,0,61.5,61.7
7/26/2019 9:00,81.9,0,56.9,65.1
7/26/2019 10:00,87.6,0,49.3,66.3
7/26/2019 11:00,91.2,0,44,66.2
7/26/2019 12:00,93.5,0,39.8,65.4
7/26/2019 13:00,96.5,0,35.9,65.1
7/26/2019 14:00,98.1,0,36.7,67.1
7/26/2019 15:00,98.9,0,34.3,65.9
7/26/2019 16:00,99.1,0,30.7,62.9
7/26/2019 17:00,98.1,0,31.2,62.5
7/26/2019 18:00,95.9,0,33.6,62.7
7/26/2019 19:00,93.9,0,35.4,62.4
7/26/2019 20:00,91.9,0,36.7,61.7
7/26/2019 21:00,88.6,0,36.3,58.5
7/26/2019 22:00,84.6,0,36.7,55.2
7/26/2019 23:00,80.8,0,40.5,54.6
7/27/2019 0:00,76.7,0,51.6,57.5
7/27/2019 1:00,73.5,0,61.2,59.3
7/27/2019 2:00,71.7,0,63.2,58.5
7/27/2019 3:00,69.4,0,66.2,57.6
7/27/2019 4:00,69.4,0,66.1,57.6
7/27/2019 5:00,67.1,0.5,74.3,58.6
7/27/2019 6:00,65.9,1.2,77.8,58.8
7/27/2019 7:00,66.7,0.4,80.5,60.5
7/27/2019 8:00,71,0,72.2,61.6
7/27/2019 9:00,76.8,0,59.2,61.5
7/27/2019 10:00,81.8,0,51.6,62.2
7/27/2019 11:00,85.8,0,46.9,63.2
7/27/2019 12:00,88.8,0,43.9,64
7/27/2019 13:00,92.7,0,40.8,65.4
7/27/2019 14:00,95.1,0,38.3,65.7
7/27/2019 15:00,96.7,0,35.7,65.1
7/27/2019 16:00,97.3,0,36.6,66.4
7/27/2019 17:00,97.1,0,36.4,66
7/27/2019 18:00,95.7,0,35.4,64
7/27/2019 19:00,91,0,43.9,66
7/27/2019 20:00,87,0,48,64.9
7/27/2019 21:00,83.6,0,55.2,65.8
7/27/2019 22:00,79.9,0,57.4,63.5
7/27/2019 23:00,77.9,0,61.2,63.5
7/28/2019 0:00,75.4,0,67.1,63.7
7/28/2019 1:00,73.2,0,71.8,63.5
7/28/2019 2:00,72.4,0.4,73.9,63.6
7/28/2019 3:00,70.3,1,78.9,63.4
7/28/2019 4:00,69.4,1.7,81,63.3
7/28/2019 5:00,68.2,3.4,83.5,63
7/28/2019 6:00,67.4,3.4,85.5,62.9
7/28/2019 7:00,68,2,87.6,64.2
7/28/2019 8:00,74.1,0,84,69
7/28/2019 9:00,80.7,0,68.6,69.4
7/28/2019 10:00,84.8,0,60.1,69.4
7/28/2019 11:00,89.2,0,51,68.7
7/28/2019 12:00,91.9,0,47.6,69.2
7/28/2019 13:00,96.1,0,42,69.3
7/28/2019 14:00,99.1,0,29.6,61.9
7/28/2019 15:00,100.4,0,29.1,62.5
7/28/2019 16:00,100.8,0,26.7,60.4
7/28/2019 17:00,100.2,0,28.1,61.3
7/28/2019 18:00,96.7,0,28.8,59
7/28/2019 19:00,92.3,0,35.3,60.9
7/28/2019 20:00,87.6,0,46.8,64.8
7/28/2019 21:00,82.3,0,56.2,65.1
7/28/2019 22:00,79.8,0,57.7,63.6
7/28/2019 23:00,77.2,0,62.2,63.3
7/29/2019 0:00,78.7,0,58.2,62.8
7/29/2019 1:00,75.6,0,53.6,57.6
7/29/2019 2:00,71.1,0,61.8,57.3
7/29/2019 3:00,69.7,0,63.3,56.7
7/29/2019 4:00,67.8,0,70.2,57.7
7/29/2019 5:00,66.2,0,68.2,55.4
7/29/2019 6:00,65.3,0,66.3,53.8
7/29/2019 7:00,65.9,0,66.7,54.5
7/29/2019 8:00,70.6,0,64.2,57.9
7/29/2019 9:00,76.7,0,56.9,60.3
7/29/2019 10:00,83.7,0,41.9,58.1
7/29/2019 11:00,88,0,38.3,59.4
7/29/2019 12:00,90.6,0,38.5,61.9
7/29/2019 13:00,93.9,0,35.7,62.7
7/29/2019 14:00,96.5,0,31.6,61.5
7/29/2019 15:00,96.3,0,30.3,60.1
7/29/2019 16:00,95.5,0,35.6,64
7/29/2019 17:00,95.7,0,30.3,59.6
7/29/2019 18:00,94.1,0,30.1,58
7/29/2019 19:00,91.5,0,29.5,55.2
7/29/2019 20:00,85.8,0,33.4,53.7
7/29/2019 21:00,84.3,0,36.9,55.1
7/29/2019 22:00,79.4,0,43.5,55.3
7/29/2019 23:00,77.6,0,46.3,55.4
7/30/2019 0:00,73.9,0,50.6,54.4
7/30/2019 1:00,72.4,0,51.1,53.3
7/30/2019 2:00,70.6,0,51.1,51.6
7/30/2019 3:00,69.2,0,51.3,50.5
7/30/2019 4:00,66.9,0,53.6,49.5
7/30/2019 5:00,64.3,0,62.2,51.1
7/30/2019 6:00,62.5,0,68.1,51.8
7/30/2019 7:00,62.7,0,71.2,53.2
7/30/2019 8:00,66.4,0,66.6,54.9
7/30/2019 9:00,70.8,0,60,56.2
7/30/2019 10:00,75.4,0,53.4,57.3
7/30/2019 11:00,80.3,0,47.6,58.6
7/30/2019 12:00,83.2,0,46.3,60.4
7/30/2019 13:00,86.6,0,45,62.7
7/30/2019 14:00,90.2,0,38.9,61.8
7/30/2019 15:00,91.2,0,34.8,59.6
7/30/2019 16:00,92.5,0,31.4,57.8
7/30/2019 17:00,92.5,0,31.1,57.6
7/30/2019 18:00,90.6,0,32.1,56.8
7/30/2019 19:00,88.2,0,34.4,56.6
7/30/2019 20:00,82.5,0,41.5,56.8
7/30/2019 21:00,76.5,0,46.9,54.7
7/30/2019 22:00,74.1,0,50.3,54.4
7/30/2019 23:00,72.1,0,52.5,53.8
7/31/2019 0:00,71,0,53,53
7/31/2019 1:00,67.8,0,61.7,54.2
7/31/2019 2:00,65.7,0,67.5,54.6
7/31/2019 3:00,64.1,0,71.1,54.5
7/31/2019 4:00,64.1,0.2,69.6,54
7/31/2019 5:00,61.6,0.3,75.4,53.7
7/31/2019 6:00,59.3,1.7,79.8,53.1
7/31/2019 7:00,59.8,0.8,83.7,54.9
7/31/2019 8:00,65,0,79.5,58.5
7/31/2019 9:00,70.8,0,68.1,59.8
7/31/2019 10:00,75.9,0,59.1,60.6
7/31/2019 11:00,80.7,0,52.6,61.8
7/31/2019 12:00,84.3,0,47.6,62.2
7/31/2019 13:00,89,0,38.4,60.4
7/31/2019 14:00,92.5,0,33.2,59.4
7/31/2019 15:00,92.9,0,30.1,57
7/31/2019 16:00,93.9,0,28.8,56.6
7/31/2019 17:00,93.3,0,28,55.3
7/31/2019 18:00,91,0,29.6,54.9
7/31/2019 19:00,88.6,0,31.9,54.9
7/31/2019 20:00,83.4,0,41.5,57.6
7/31/2019 21:00,79.6,0,44.5,56.1
7/31/2019 22:00,76.3,0,47.4,54.8
7/31/2019 23:00,73,0,53.9,55.3
8/1/2019 0:00,70.3,0,56.1,53.9
8/1/2019 1:00,68.7,0,58.9,53.7
8/1/2019 2:00,68.2,0,60.4,54
8/1/2019 3:00,67.3,0,62.1,53.9
8/1/2019 4:00,64.1,0,69,53.7
8/1/2019 5:00,62.5,0.6,75.2,54.5
8/1/2019 6:00,61.2,0.9,78.4,54.4
8/1/2019 7:00,62.3,0.1,80.7,56.3
8/1/2019 8:00,66.4,0,74.3,58
8/1/2019 9:00,71.7,0,64.2,59
8/1/2019 10:00,75.9,0,59,60.5
8/1/2019 11:00,79.8,0,53.1,61.2
8/1/2019 12:00,82.5,0,51.5,62.8
8/1/2019 13:00,87,0,43.7,62.3
8/1/2019 14:00,88.8,0,38.5,60.3
8/1/2019 15:00,90.4,0,31.4,56
8/1/2019 16:00,91,0,30.2,55.4
8/1/2019 17:00,91.4,0,28.1,53.8
8/1/2019 18:00,89.8,0,30.8,55
8/1/2019 19:00,87,0,35.2,56.2
8/1/2019 20:00,82.1,0,40.2,55.5
8/1/2019 21:00,79.6,0,40.3,53.4
8/1/2019 22:00,76.3,0,46.8,54.5
8/1/2019 23:00,74.6,0,54.6,57.2
8/2/2019 0:00,72.3,0,60.6,57.9
8/2/2019 1:00,70.8,0,61,56.7
8/2/2019 2:00,68.7,0,62.7,55.5
8/2/2019 3:00,66.7,0,66.1,55
8/2/2019 4:00,64.8,0,70.2,54.9
8/2/2019 5:00,62.8,0.7,74.4,54.5
8/2/2019 6:00,61.6,0.9,78.3,54.8
8/2/2019 7:00,61.4,0.9,82.5,56
8/2/2019 8:00,65.2,0,79.5,58.7
8/2/2019 9:00,70.3,0,71.3,60.6
8/2/2019 10:00,74.8,0,65.1,62.3
8/2/2019 11:00,77.8,0,61.4,63.5
8/2/2019 12:00,81.4,0,55,63.7
8/2/2019 13:00,85,0,48.5,63.4
8/2/2019 14:00,87.2,0,44,62.6
8/2/2019 15:00,89,0,40.2,61.7
8/2/2019 16:00,89.8,0,36.8,59.9
8/2/2019 17:00,90,0,35.6,59.1
8/2/2019 18:00,88.6,0,34.7,57.2
8/2/2019 19:00,86.2,0,37.4,57.2
8/2/2019 20:00,79.8,0,46.1,57.2
8/2/2019 21:00,75.6,0,49.3,55.3
8/2/2019 22:00,74.1,0,54.5,56.6
8/2/2019 23:00,74.5,0,55.6,57.6
8/3/2019 0:00,69.9,0,66.3,58.1
8/3/2019 1:00,68.5,0,72.2,59.2
8/3/2019 2:00,68.2,0.6,75.3,60.1
8/3/2019 3:00,66.9,0.5,77.2,59.5
8/3/2019 4:00,65.2,1.3,80.4,59
8/3/2019 5:00,63.6,3.7,84,58.7
8/3/2019 6:00,62.3,5.1,86.4,58.2
8/3/2019 7:00,62.1,2.9,88.1,58.5
8/3/2019 8:00,68,0.3,86.3,63.8
8/3/2019 9:00,73.4,0,75.9,65.3
8/3/2019 10:00,77.8,0,65.8,65.4
8/3/2019 11:00,81.6,0,59,65.9
8/3/2019 12:00,84.3,0,56,66.9
8/3/2019 13:00,88.8,0,48.3,66.8
8/3/2019 14:00,90.6,0,42.3,64.6
8/3/2019 15:00,92.7,0,35.8,61.7
8/3/2019 16:00,93.7,0,35.3,62.2
8/3/2019 17:00,92.9,0,35.3,61.5
8/3/2019 18:00,87.6,0,38.8,59.4
8/3/2019 19:00,83.7,0,46.3,60.9
8/3/2019 20:00,81.2,0,45.4,58.1
8/3/2019 21:00,78.1,0,52.3,59.2
8/3/2019 22:00,75.2,0,53.6,57.2
8/3/2019 23:00,72.3,0,62,58.5
8/4/2019 0:00,71.1,0,65.3,58.9
8/4/2019 1:00,69.6,0,68.5,58.8
8/4/2019 2:00,67.8,0.1,72.3,58.6
8/4/2019 3:00,66.2,0.9,77.3,58.9
8/4/2019 4:00,65,1.3,80.5,58.9
8/4/2019 5:00,64.6,0.9,81,58.6
8/4/2019 6:00,64.6,0.6,81.3,58.7
8/4/2019 7:00,64.3,0.4,82.9,59
8/4/2019 8:00,69.6,0,77.4,62.2
8/4/2019 9:00,76.7,0,65.1,64.1
8/4/2019 10:00,81.8,0,52,62.5
8/4/2019 11:00,85.8,0,50.8,65.5
8/4/2019 12:00,88.6,0,47.1,65.8
8/4/2019 13:00,92.7,0,39.7,64.6
8/4/2019 14:00,94.3,0,38.2,64.9
8/4/2019 15:00,94.5,0,34.8,62.5
8/4/2019 16:00,95.5,0,32.2,61.1
8/4/2019 17:00,95.7,0,28.3,57.7
8/4/2019 18:00,92.1,0,29.2,55.5
8/4/2019 19:00,88.6,0,35.7,58
8/4/2019 20:00,82.5,0,42.3,57.3
8/4/2019 21:00,79.2,0,42.4,54.4
8/4/2019 22:00,76.3,0,46.6,54.3
8/4/2019 23:00,77.2,0,48.8,56.4
8/5/2019 0:00,76.3,0,53.1,58
8/5/2019 1:00,73.5,0,58.4,58
8/5/2019 2:00,71.5,0,63,58.2
8/5/2019 3:00,70.3,0,65.8,58.3
8/5/2019 4:00,69.6,0,66,57.7
8/5/2019 5:00,67.4,0.4,73.6,58.7
8/5/2019 6:00,65.9,0,75.8,58
8/5/2019 7:00,65.3,0.7,80.7,59.2
8/5/2019 8:00,70.1,0,74.6,61.7
8/5/2019 9:00,73.5,0,68.2,62.4
8/5/2019 10:00,77.8,0,64,64.6
8/5/2019 11:00,81.6,0,59.1,65.9
8/5/2019 12:00,83.7,0,54.5,65.6
8/5/2019 13:00,86,0,49.8,65.1
8/5/2019 14:00,89.6,0,45.3,65.6
8/5/2019 15:00,90,0,42.3,64
8/5/2019 16:00,92.3,0,39,63.8
8/5/2019 17:00,93.7,0,34.4,61.4
8/5/2019 18:00,92.7,0,32.4,58.9
8/5/2019 19:00,90.8,0,31.1,56.1
8/5/2019 20:00,83.7,0,40.3,57
8/5/2019 21:00,79.2,0,46.4,56.9
8/5/2019 22:00,76.3,0,57.4,60.1
8/5/2019 23:00,74.6,0,61.8,60.6
8/6/2019 0:00,72.1,0,68.3,61.1
8/6/2019 1:00,70.6,0,70.8,60.7
8/6/2019 2:00,68.5,0.3,74.8,60.2
8/6/2019 3:00,66.9,1,78.8,60.1
8/6/2019 4:00,65.5,1.6,81.8,59.8
8/6/2019 5:00,64.4,2.8,84.5,59.6
8/6/2019 6:00,64.4,2.7,85.5,60
8/6/2019 7:00,65,0.6,86.3,60.8
8/6/2019 8:00,69.4,0.1,83.4,64.1
8/6/2019 9:00,73.7,0,76.7,65.9
8/6/2019 10:00,79.6,0,64.7,66.7
8/6/2019 11:00,83.4,0,56.7,66.4
8/6/2019 12:00,85.8,0,55.2,67.9
8/6/2019 13:00,90,0,50,68.9
8/6/2019 14:00,91.9,0,45.5,67.8
8/6/2019 15:00,94.1,0,35.8,62.9
8/6/2019 16:00,95.3,0,34.1,62.6
8/6/2019 17:00,94.7,0,33.3,61.4
8/6/2019 18:00,91.9,0,35.1,60.4
8/6/2019 19:00,88.6,0,41.4,62.2
8/6/2019 20:00,82.7,0,49.4,61.8
8/6/2019 21:00,80.3,0,51.3,60.7
8/6/2019 22:00,78.3,0,55.1,60.9
8/6/2019 23:00,75.7,0,61,61.3
8/7/2019 0:00,75,0,65.2,62.5
8/7/2019 1:00,73.4,0,64.7,60.8
8/7/2019 2:00,74.1,0,61.5,60
8/7/2019 3:00,73.2,0,59.1,58.1
8/7/2019 4:00,69.7,0,66.6,58.1
8/7/2019 5:00,67.4,0,71.6,57.9
8/7/2019 6:00,66.4,0,73.9,57.8
8/7/2019 7:00,66.7,0,79,60
8/7/2019 8:00,69.7,0,73.9,61
8/7/2019 9:00,74.6,0,68.5,63.5
8/7/2019 10:00,78.7,0,62.2,64.7
8/7/2019 11:00,83,0,54.2,64.7
8/7/2019 12:00,86.8,0,50.3,66.1
8/7/2019 13:00,91,0,42.4,65
8/7/2019 14:00,92.1,0,38.5,63.2
8/7/2019 15:00,93.5,0,33.7,60.7
8/7/2019 16:00,94.3,0,33.4,61.1
8/7/2019 17:00,93.3,0,33.7,60.5
8/7/2019 18:00,91.7,0,36.1,61
8/7/2019 19:00,89.2,0,37.4,59.8
8/7/2019 20:00,86.4,0,36.4,56.6
8/7/2019 21:00,82.8,0,37.9,54.5
8/7/2019 22:00,80.8,0,39.3,53.7
8/7/2019 23:00,77,0,47.4,55.5
8/8/2019 0:00,75.7,0,42.7,51.4
8/8/2019 1:00,72.1,0,44.5,49.3
8/8/2019 2:00,69.7,0,45.8,47.9
8/8/2019 3:00,68.9,0,46.9,47.8
8/8/2019 4:00,66.4,0,51,47.7
8/8/2019 5:00,62.8,0,60.6,49
8/8/2019 6:00,61.2,0,67.8,50.5
8/8/2019 7:00,62,0,69.9,52.1
8/8/2019 8:00,66.2,0,62.1,52.8
8/8/2019 9:00,70.1,0,57.1,54.2
8/8/2019 10:00,74.6,0,48.9,54.1
8/8/2019 11:00,78.5,0,44.3,55
8/8/2019 12:00,81.4,0,41.2,55.6
8/8/2019 13:00,85.4,0,35.9,55.3
8/8/2019 14:00,87.4,0,30.2,52.3
8/8/2019 15:00,88.2,0,28.1,51.1
8/8/2019 16:00,89.4,0,26.1,50.1
8/8/2019 17:00,88.8,0,27.1,50.6
8/8/2019 18:00,87,0,29.3,51.2
8/8/2019 19:00,86.6,0,27.6,49.2
8/8/2019 20:00,82.1,0,29.8,47.4
8/8/2019 21:00,78.9,0,35.3,49.1
8/8/2019 22:00,75.4,0,45.2,52.7
8/8/2019 23:00,72.8,0,47.1,51.4
8/9/2019 0:00,70.1,0,46.1,48.4
8/9/2019 1:00,67.4,0,49.1,47.6
8/9/2019 2:00,65.5,0,52.1,47.5
8/9/2019 3:00,63.4,0,56.1,47.5
8/9/2019 4:00,61.2,0,60.9,47.6
8/9/2019 5:00,58.7,0,68.7,48.4
8/9/2019 6:00,57.8,0.1,72.9,49.2
8/9/2019 7:00,57.7,0,76.8,50.5
8/9/2019 8:00,61.6,0,71.9,52.4
8/9/2019 9:00,66.6,0,62.5,53.4
8/9/2019 10:00,70.4,0,58.1,55
8/9/2019 11:00,75.2,0,52.6,56.7
8/9/2019 12:00,78.9,0,46,56.4
8/9/2019 13:00,82.5,0,40.2,55.9
8/9/2019 14:00,84.3,0,33.8,52.7
8/9/2019 15:00,85.2,0,33.9,53.6
8/9/2019 16:00,86.4,0,31.1,52.3
8/9/2019 17:00,85.8,0,33.2,53.5
8/9/2019 18:00,83.9,0,32.1,51
8/9/2019 19:00,83.9,0,30.5,49.6
8/9/2019 20:00,79.9,0,32.7,48
8/9/2019 21:00,77.4,0,35.6,48
8/9/2019 22:00,74.1,0,41.7,49.3
8/9/2019 23:00,70.1,0,48.5,49.8
8/10/2019 0:00,70.8,0,51.3,51.9
8/10/2019 1:00,67.4,0,56.7,51.5
8/10/2019 2:00,64.4,0,65.2,52.5
8/10/2019 3:00,62.8,0,70.2,52.9
8/10/2019 4:00,61.2,0.3,74.9,53.2
8/10/2019 5:00,60.7,0.3,76.4,53.2
8/10/2019 6:00,58.9,1.2,79.8,52.7
8/10/2019 7:00,58.6,1,83.3,53.5
8/10/2019 8:00,64.1,0,80,57.8
8/10/2019 9:00,68.3,0,71.4,58.7
8/10/2019 10:00,72.3,0,63,59
8/10/2019 11:00,76.5,0,56.4,59.8
8/10/2019 12:00,80.3,0,50.4,60.2
8/10/2019 13:00,83.4,0,46.4,60.7
8/10/2019 14:00,84.6,3,42.2,59.1
8/10/2019 15:00,85,0,41.8,59.2
8/10/2019 16:00,86.2,0,38.8,58.2
8/10/2019 17:00,85.4,0,37.1,56.2
8/10/2019 18:00,84.3,0,36.2,54.6
8/10/2019 19:00,83.6,0,37.3,54.8
8/10/2019 20:00,80.3,0,41.8,55
8/10/2019 21:00,78.3,0,46.5,56.1
8/10/2019 22:00,76.5,0,51.5,57.3
8/10/2019 23:00,74.3,0,53,56.1
8/11/2019 0:00,71.9,0,54.5,54.6
8/11/2019 1:00,70.1,0,57,54.2
8/11/2019 2:00,68.5,0,58.7,53.5
8/11/2019 3:00,66.2,0,62.8,53.1
8/11/2019 4:00,63.9,0,67.3,52.8
8/11/2019 5:00,62.3,0,70.4,52.5
8/11/2019 6:00,60.3,0.6,74.9,52.3
8/11/2019 7:00,62,0,75.9,54.3
8/11/2019 8:00,65,0,71.9,55.7
8/11/2019 9:00,68,0,68.2,57.1
8/11/2019 10:00,71.5,0,64.3,58.8
8/11/2019 11:00,75.9,0,58.9,60.5
8/11/2019 12:00,78.9,0,53,60.3
8/11/2019 13:00,82.5,0,46,59.6
8/11/2019 14:00,83.7,0,41.8,58
8/11/2019 15:00,84.6,0,41,58.3
8/11/2019 16:00,85.4,0,38.7,57.4
8/11/2019 17:00,85,0,35.8,54.9
8/11/2019 18:00,83.6,0,34.8,52.9
8/11/2019 19:00,81.4,0,36.2,52
8/11/2019 20:00,77,0,40.8,51.4
8/11/2019 21:00,75,0,43,51
8/11/2019 22:00,71.9,0,47.1,50.6
8/11/2019 23:00,67.6,0,59.1,52.8
8/12/2019 0:00,65.3,0,63.2,52.5
8/12/2019 1:00,64.4,0,66.5,53
8/12/2019 2:00,63.6,0,70.7,53.9
8/12/2019 3:00,62,0.3,74.1,53.7
8/12/2019 4:00,60.3,1,79,53.8
8/12/2019 5:00,59.1,1.8,81.7,53.5
8/12/2019 6:00,58.2,2,83.5,53.2
8/12/2019 7:00,58.9,1.1,85.5,54.6
8/12/2019 8:00,64.1,0,82.7,58.7
8/12/2019 9:00,70.8,0,68.2,59.8
8/12/2019 10:00,75.7,0,59.2,60.4
8/12/2019 11:00,80.3,0,53.8,62
8/12/2019 12:00,83.4,0,47.1,61.1
8/12/2019 13:00,87.6,0,39.4,59.9
8/12/2019 14:00,88.4,0,36.7,58.6
8/12/2019 15:00,89.2,0,36.2,58.9
8/12/2019 16:00,90,0,33.2,57.2
8/12/2019 17:00,89,0,32.8,56
8/12/2019 18:00,89,0,31.7,55.1
8/12/2019 19:00,85.6,0,34.9,54.7
8/12/2019 20:00,79.9,0,40.9,54
8/12/2019 21:00,76.8,0,43.5,52.9
8/12/2019 22:00,73.2,0,47.5,52
8/12/2019 23:00,71.1,0,52.8,53
8/13/2019 0:00,69.2,0,59,54.3
8/13/2019 1:00,66.2,0,66.7,54.8
8/13/2019 2:00,65.3,0,69.9,55.2
8/13/2019 3:00,63.7,0.3,75.6,55.8
8/13/2019 4:00,62.5,0.7,78.3,55.6
8/13/2019 5:00,61.1,1.4,80.4,55
8/13/2019 6:00,60.5,0.9,82.9,55.3
8/13/2019 7:00,61.6,0.6,83.7,56.6
8/13/2019 8:00,67.6,0,78.3,60.6
8/13/2019 9:00,72.6,0,67.8,61.3
8/13/2019 10:00,78.3,0,58.4,62.5
8/13/2019 11:00,82.7,0,52.1,63.3
8/13/2019 12:00,86.4,0,45.4,62.8
8/13/2019 13:00,90.6,0,40.8,63.5
8/13/2019 14:00,91.9,0,36.4,61.4
8/13/2019 15:00,93.7,0,34.4,61.4
8/13/2019 16:00,94.5,0,32.7,60.7
8/13/2019 17:00,93.7,0,31.1,58.6
8/13/2019 18:00,92.5,0,30.2,56.7
8/13/2019 19:00,89.2,0,30.7,54.3
8/13/2019 20:00,82.5,0,39.5,55.4
8/13/2019 21:00,77.8,0,43.8,54
8/13/2019 22:00,75.4,0,48.1,54.4
8/13/2019 23:00,71.9,0,56.9,55.8
8/14/2019 0:00,69.9,0,61.5,56.1
8/14/2019 1:00,67.8,0,68.8,57.2
8/14/2019 2:00,66,0,71.1,56.4
8/14/2019 3:00,64.6,0.3,75.8,56.8
8/14/2019 4:00,63.6,0.3,78.3,56.7
8/14/2019 5:00,62.8,0.9,79.9,56.5
8/14/2019 6:00,62.5,0.9,81.7,56.8
8/14/2019 7:00,63,0.5,83.3,57.9
8/14/2019 8:00,67.8,0,82,62.1
8/14/2019 9:00,75.2,0,65.3,62.8
8/14/2019 10:00,80.7,0,54.9,63
8/14/2019 11:00,84.8,0,49.3,63.7
8/14/2019 12:00,88.4,0,43.4,63.3
8/14/2019 13:00,92.7,0,39.4,64.4
8/14/2019 14:00,94.9,0,34.6,62.6
8/14/2019 15:00,96.3,0,32.2,61.8
8/14/2019 16:00,97.5,0,29.7,60.6
8/14/2019 17:00,95.9,0,29,58.5
8/14/2019 18:00,96.1,0,24.1,53.6
8/14/2019 19:00,90.2,0,31.7,56.1
8/14/2019 20:00,85,0,37.4,56.1
8/14/2019 21:00,80.8,0,40.9,54.8
8/14/2019 22:00,77.6,0,44,54
8/14/2019 23:00,73.5,0,58.4,58
8/15/2019 0:00,70.6,0,64.1,57.9
8/15/2019 1:00,69.4,0,65.5,57.3
8/15/2019 2:00,68.2,0,69.6,57.9
8/15/2019 3:00,67.3,0,71.9,57.9
8/15/2019 4:00,66,0.3,75.9,58.2
8/15/2019 5:00,64.3,1.5,79.9,58
8/15/2019 6:00,63.6,1.3,82.2,58.1
8/15/2019 7:00,64.6,0.8,84.3,59.8
8/15/2019 8:00,69.2,0,79,62.4
8/15/2019 9:00,75,0,69.1,64.2
8/15/2019 10:00,80.7,0,56.6,63.8
8/15/2019 11:00,85,0,48.8,63.6
8/15/2019 12:00,88.8,0,45.2,64.8
8/15/2019 13:00,93.1,0,40.7,65.7
8/15/2019 14:00,95.7,0,38.5,66.4
8/15/2019 15:00,97.3,0,33.7,64
8/15/2019 16:00,98.7,0,30.7,62.5
8/15/2019 17:00,96.5,0,33.2,62.9
8/15/2019 18:00,94.3,0,29.3,57.4
8/15/2019 19:00,89.6,0,40.8,62.6
8/15/2019 20:00,85.4,0,44.5,61.3
8/15/2019 21:00,81.4,0,44.7,57.8
8/15/2019 22:00,77,0,52.5,58.3
8/15/2019 23:00,74.5,0,58.9,59.2
8/16/2019 0:00,72.3,0,65.7,60.2
8/16/2019 1:00,70.6,0,67.8,59.4
8/16/2019 2:00,70.4,0,68.8,59.7
8/16/2019 3:00,68.2,0,72.8,59.1
8/16/2019 4:00,66.9,0.5,76.1,59.1
8/16/2019 5:00,65.2,1.1,79.4,58.7
8/16/2019 6:00,64.1,2,82.4,58.6
8/16/2019 7:00,64.4,1.4,84.4,59.6
8/16/2019 8:00,69.6,0,81.4,63.6
8/16/2019 9:00,75.6,0,64.8,62.9
8/16/2019 10:00,82.5,0,52.1,63.2
8/16/2019 11:00,86.8,0,46.4,63.8
8/16/2019 12:00,91.4,0,41.2,64.5
8/16/2019 13:00,96.1,0,35.6,64.5
8/16/2019 14:00,97.9,0,29.7,60.9
8/16/2019 15:00,98.9,0,28.5,60.6
8/16/2019 16:00,99.7,0,26.7,59.5
8/16/2019 17:00,98.1,0,23.7,54.8
8/16/2019 18:00,95.9,0,25,54.4
8/16/2019 19:00,91.2,0,32.4,57.6
8/16/2019 20:00,86,0,47.1,63.5
8/16/2019 21:00,81.4,0,50.9,61.5
8/16/2019 22:00,78.3,0,52.1,59.3
8/16/2019 23:00,75.7,0,55.1,58.4
8/17/2019 0:00,73.7,0,51.8,54.9
8/17/2019 1:00,71.5,0,60.1,56.9
8/17/2019 2:00,67.8,0,67.7,56.7
8/17/2019 3:00,66.2,0,72.7,57.2
8/17/2019 4:00,64.4,0.4,75.6,56.5
8/17/2019 5:00,63,0,74.4,54.7
8/17/2019 6:00,62.8,0,69.1,52.5
8/17/2019 7:00,63.9,0,64.2,51.6
8/17/2019 8:00,67.3,0,62.2,53.9
8/17/2019 9:00,73.2,0,54.6,55.9
8/17/2019 10:00,78.9,0,49.8,58.6
8/17/2019 11:00,83.2,0,45.4,59.9
8/17/2019 12:00,87.6,0,40.5,60.6
8/17/2019 13:00,91.4,0,36.4,61
8/17/2019 14:00,93.3,0,30.5,57.7
8/17/2019 15:00,94.5,0,28.7,57
8/17/2019 16:00,94.9,0,30.1,58.7
8/17/2019 17:00,93.3,0,32.1,59.1
8/17/2019 18:00,91.4,0,32.6,57.9
8/17/2019 19:00,87.4,0,40.9,60.7
8/17/2019 20:00,83.7,0,45.4,60.4
8/17/2019 21:00,81.9,0,41.7,56.4
8/17/2019 22:00,79.4,0,38.2,51.7
8/17/2019 23:00,75.7,0,42.7,51.4
8/18/2019 0:00,72.1,0,48.9,51.8
8/18/2019 1:00,69.6,0,53.6,52
8/18/2019 2:00,66.9,0,58.6,51.9
8/18/2019 3:00,64.3,0,65,52.3
8/18/2019 4:00,63.2,0,68,52.5
8/18/2019 5:00,61.8,0,73.8,53.3
8/18/2019 6:00,60.5,0,72.4,51.6
8/18/2019 7:00,60.5,0.1,77.8,53.5
8/18/2019 8:00,64.6,0,73.7,56
8/18/2019 9:00,70.6,0,61.1,56.5
8/18/2019 10:00,76.1,0,54,58.2
8/18/2019 11:00,80.3,0,49,59.4
8/18/2019 12:00,84.5,0,39.2,57
8/18/2019 13:00,87.8,0,36.2,57.7
8/18/2019 14:00,89.4,0,32.9,56.4
8/18/2019 15:00,89.8,0,32.6,56.5
8/18/2019 16:00,90.2,0,32.3,56.6
8/18/2019 17:00,88.6,0,32.4,55.3
8/18/2019 18:00,87.8,0,30.2,52.7
8/18/2019 19:00,84.8,0,34.3,53.6
8/18/2019 20:00,79,0,43.9,55.2
8/18/2019 21:00,76.8,0,46.4,54.7
8/18/2019 22:00,75,0,48.5,54.3
8/18/2019 23:00,73.7,0,46.8,52.1
8/19/2019 0:00,70.4,0,50.5,51.1
8/19/2019 1:00,68.9,0,50.4,49.7
8/19/2019 2:00,66.7,0,54.4,49.7
8/19/2019 3:00,64.3,0,60.9,50.5
8/19/2019 4:00,62.1,0,66.6,50.8
8/19/2019 5:00,61.2,0,69.9,51.3
8/19/2019 6:00,59.1,0.6,74.9,51.1
8/19/2019 7:00,59.3,0.2,79.4,52.9
8/19/2019 8:00,62,0,78.8,55.3
8/19/2019 9:00,68.2,0,69,57.6
8/19/2019 10:00,73.9,0,61.2,59.7
8/19/2019 11:00,76.5,0,56.1,59.7
8/19/2019 12:00,81,0,52,61.7
8/19/2019 13:00,85.4,0,44.8,61.5
8/19/2019 14:00,87,0,41.4,60.7
8/19/2019 15:00,88.8,0,37.8,59.8
8/19/2019 16:00,89.2,0,34.6,57.6
8/19/2019 17:00,89,0,33.9,56.9
8/19/2019 18:00,87.4,0,33.7,55.3
8/19/2019 19:00,84.3,0,36.6,54.9
8/19/2019 20:00,79.9,0,46.8,57.7
8/19/2019 21:00,77.2,0,50.4,57.3
8/19/2019 22:00,74.8,0,52.6,56.3
8/19/2019 23:00,72.1,0,55.7,55.4
8/20/2019 0:00,69.7,0,60,55.2
8/20/2019 1:00,67.1,0,65.7,55.2
8/20/2019 2:00,66.7,0,70.1,56.6
8/20/2019 3:00,65.3,0.1,73.1,56.5
8/20/2019 4:00,63.2,0.5,76.4,55.7
8/20/2019 5:00,62.7,0.5,78.8,56
8/20/2019 6:00,62,0.8,79.7,55.7
8/20/2019 7:00,61.8,0.6,81.8,56.2
8/20/2019 8:00,64.4,0,77.8,57.3
8/20/2019 9:00,68.3,0,72.8,59.2
8/20/2019 10:00,73.9,0,66.2,61.9
8/20/2019 11:00,78.1,0,59.5,62.8
8/20/2019 12:00,81.9,0,53.1,63.1
8/20/2019 13:00,85.2,0,47.5,63
8/20/2019 14:00,87.2,0,43.3,62.2
8/20/2019 15:00,88.2,0,41.3,61.7
8/20/2019 16:00,89.6,0,38.9,61.3
8/20/2019 17:00,89.6,0,36.7,59.6
8/20/2019 18:00,89,0,34.9,57.7
8/20/2019 19:00,86.8,0,36.4,56.9
8/20/2019 20:00,82.1,0,41.5,56.4
8/20/2019 21:00,79,0,45.5,56.1
8/20/2019 22:00,76.7,0,48.9,56
8/20/2019 23:00,74.6,0,53.3,56.5
8/21/2019 0:00,72.1,0,58.1,56.6
8/21/2019 1:00,69,0,63.8,56.2
8/21/2019 2:00,66.4,0,68.7,55.8
8/21/2019 3:00,65.5,0,69.4,55.2
8/21/2019 4:00,64.8,0,71.1,55.2
8/21/2019 5:00,62.3,0.4,74.6,54.1
8/21/2019 6:00,60.7,1.1,78.9,54.1
8/21/2019 7:00,60,1.2,82.3,54.6
8/21/2019 8:00,63.7,0,81,57.8
