exp,spp,iso,rep,tem,day,mm1,mm2
1,Cf,11K11,1,10,1,4.3,5.1
1,Cf,11K11,2,10,1,4.02,4.66
1,Cf,11K11,3,10,1,4.55,4.7
1,Cf,11K17,1,10,1,4.45,4.41
1,Cf,11K17,2,10,1,4,4
1,Cf,11K17,3,10,1,4,4
1,Cf,11J23,1,10,1,4.33,4.39
1,Cf,11J23,2,10,1,3.95,4.89
1,Cf,11J23,3,10,1,4.15,4.7
1,Cf,12D46,1,10,1,4.17,4.39
1,Cf,12D46,2,10,1,4.4,4.49
1,Cf,12D46,3,10,1,4.76,4.32
1,Cf,12J05,1,10,1,4.19,4.49
1,Cf,12J05,2,10,1,4,4.16
1,Cf,12J05,3,10,1,4.27,4.42
1,Cf,12J41,1,10,1,4.91,4.68
1,Cf,12J41,2,10,1,4.35,4.66
1,Cf,12J41,3,10,1,4.72,4.97
1,Cf,11K11,1,15,1,5,5.57
1,Cf,11K11,2,15,1,5.21,4.25
1,Cf,11K11,3,15,1,4.96,5.11
1,Cf,11K17,1,15,1,5.12,5.29
1,Cf,11K17,2,15,1,5.18,5.04
1,Cf,11K17,3,15,1,4.62,5.07
1,Cf,11J23,1,15,1,5.08,5.53
1,Cf,11J23,2,15,1,5,4.97
1,Cf,11J23,3,15,1,4.81,4.98
1,Cf,12D46,1,15,1,4.71,4.98
1,Cf,12D46,2,15,1,4.85,4.97
1,Cf,12D46,3,15,1,4.7,4.85
1,Cf,12J05,1,15,1,4.74,4.92
1,Cf,12J05,2,15,1,4.83,4.7
1,Cf,12J05,3,15,1,5.83,4.89
1,Cf,12J41,1,15,1,5.23,4.14
1,Cf,12J41,2,15,1,5.05,4.83
1,Cf,12J41,3,15,1,5.02,5.21
1,Cf,11K11,1,20,1,5.33,5.23
1,Cf,11K11,2,20,1,5.95,5.16
1,Cf,11K11,3,20,1,5.97,5.28
1,Cf,11K17,1,20,1,5.79,5.62
1,Cf,11K17,2,20,1,4.99,5.11
1,Cf,11K17,3,20,1,4.61,4.96
1,Cf,11J23,1,20,1,6.48,5.65
1,Cf,11J23,2,20,1,5.39,5.82
1,Cf,11J23,3,20,1,5.61,5.23
1,Cf,12D46,1,20,1,5.57,5.3
1,Cf,12D46,2,20,1,5.04,5.6
1,Cf,12D46,3,20,1,4.71,5.05
1,Cf,12J05,1,20,1,4.75,4.47
1,Cf,12J05,2,20,1,4.5,4.8
1,Cf,12J05,3,20,1,4.9,5.08
1,Cf,12J41,1,20,1,4.82,4.45
1,Cf,12J41,2,20,1,4.51,5.11
1,Cf,12J41,3,20,1,4.59,5.09
1,Cf,11K11,1,25,1,6.55,5.76
1,Cf,11K11,2,25,1,7.03,6.17
1,Cf,11K11,3,25,1,6.96,6.18
1,Cf,11K17,1,25,1,7.89,7.87
1,Cf,11K17,2,25,1,7.78,6.67
1,Cf,11K17,3,25,1,8.42,8.53
1,Cf,11J23,1,25,1,7.72,6.41
1,Cf,11J23,2,25,1,7.68,7.48
1,Cf,11J23,3,25,1,8.12,7.62
1,Cf,12D46,1,25,1,6.18,6.34
1,Cf,12D46,2,25,1,7.1,6.26
1,Cf,12D46,3,25,1,6.47,6.72
1,Cf,12J05,1,25,1,6.75,6.78
1,Cf,12J05,2,25,1,6.46,6.4
1,Cf,12J05,3,25,1,6.19,6.93
1,Cf,12J41,1,25,1,5.74,5.94
1,Cf,12J41,2,25,1,6.53,6.96
1,Cf,12J41,3,25,1,5.79,5.62
1,Cf,11K11,1,30,1,5.71,6
1,Cf,11K11,2,30,1,6.32,6.15
1,Cf,11K11,3,30,1,6.17,5.62
1,Cf,11K17,1,30,1,6.63,6.64
1,Cf,11K17,2,30,1,7.21,6.68
1,Cf,11K17,3,30,1,7.12,7.36
1,Cf,11J23,1,30,1,6.93,6.6
1,Cf,11J23,2,30,1,6.62,7.19
1,Cf,11J23,3,30,1,7.4,6.5
1,Cf,12D46,1,30,1,6.47,5.83
1,Cf,12D46,2,30,1,6.47,5.95
1,Cf,12D46,3,30,1,6.44,6.61
1,Cf,12J05,1,30,1,6.45,6.23
1,Cf,12J05,2,30,1,6.1,6.93
1,Cf,12J05,3,30,1,6.83,6.37
1,Cf,12J41,1,30,1,8.05,7.1
1,Cf,12J41,2,30,1,6.12,6.47
1,Cf,12J41,3,30,1,5.99,6.42
1,Cf,11K11,1,35,1,4,4
1,Cf,11K11,2,35,1,4,4
1,Cf,11K11,3,35,1,4,4
1,Cf,11K17,1,35,1,4,4
1,Cf,11K17,2,35,1,4,4
1,Cf,11K17,3,35,1,4,4
1,Cf,11J23,1,35,1,4,4
1,Cf,11J23,2,35,1,4,4
1,Cf,11J23,3,35,1,4,4
1,Cf,12D46,1,35,1,4,4
1,Cf,12D46,2,35,1,4,4
1,Cf,12D46,3,35,1,4,4
1,Cf,12J05,1,35,1,4,4
1,Cf,12J05,2,35,1,4,4
1,Cf,12J05,3,35,1,4,4
1,Cf,12J41,1,35,1,4,4
1,Cf,12J41,2,35,1,4,4
1,Cf,12J41,3,35,1,4,4
1,Cf,11K11,1,10,2,5.17,5.3
1,Cf,11K11,2,10,2,5.27,5.38
1,Cf,11K11,3,10,2,5.69,5.72
1,Cf,11K17,1,10,2,5.48,5.76
1,Cf,11K17,2,10,2,4.98,5.04
1,Cf,11K17,3,10,2,5.21,5.1
1,Cf,11J23,1,10,2,5.43,5.36
1,Cf,11J23,2,10,2,5.71,5.5
1,Cf,11J23,3,10,2,5.31,5.86
1,Cf,12D46,1,10,2,5.28,5.21
1,Cf,12D46,2,10,2,5.58,5.46
1,Cf,12D46,3,10,2,4.86,5.05
1,Cf,12J05,1,10,2,4.79,4.82
1,Cf,12J05,2,10,2,4.75,4.92
1,Cf,12J05,3,10,2,4.56,4.76
1,Cf,12J41,1,10,2,5.35,5.38
1,Cf,12J41,2,10,2,5.65,5.13
1,Cf,12J41,3,10,2,5.59,5.51
1,Cf,11K11,1,15,2,7.72,8.28
1,Cf,11K11,2,15,2,8.8,8.71
1,Cf,11K11,3,15,2,8.7,12.56
1,Cf,11K17,1,15,2,9.51,9.63
1,Cf,11K17,2,15,2,9.31,8.85
1,Cf,11K17,3,15,2,8.57,8.38
1,Cf,11J23,1,15,2,8.85,9.14
1,Cf,11J23,2,15,2,9.58,9.65
1,Cf,11J23,3,15,2,8.78,8.75
1,Cf,12D46,1,15,2,8.07,7.98
1,Cf,12D46,2,15,2,9.19,9.71
1,Cf,12D46,3,15,2,9.06,8.98
1,Cf,12J05,1,15,2,7.84,7.7
1,Cf,12J05,2,15,2,8.81,8.29
1,Cf,12J05,3,15,2,8.27,8.53
1,Cf,12J41,1,15,2,6.73,7.29
1,Cf,12J41,2,15,2,7.54,6.55
1,Cf,12J41,3,15,2,6.62,7.51
1,Cf,11K11,1,20,2,9.78,10
1,Cf,11K11,2,20,2,10.7,10.5
1,Cf,11K11,3,20,2,9.73,10.39
1,Cf,11K17,1,20,2,11,11.34
1,Cf,11K17,2,20,2,11.35,10.81
1,Cf,11K17,3,20,2,10.72,10.71
1,Cf,11J23,1,20,2,11.43,11.37
1,Cf,11J23,2,20,2,10.66,11.33
1,Cf,11J23,3,20,2,10.94,10.91
1,Cf,12D46,1,20,2,10.77,10.66
1,Cf,12D46,2,20,2,9.97,10.5
1,Cf,12D46,3,20,2,9.77,9.2
1,Cf,12J05,1,20,2,10,9.05
1,Cf,12J05,2,20,2,9.21,8.72
1,Cf,12J05,3,20,2,8.84,9.62
1,Cf,12J41,1,20,2,8.18,7.65
1,Cf,12J41,2,20,2,8.01,7.81
1,Cf,12J41,3,20,2,9.95,8.26
1,Cf,11K11,1,25,2,14.29,14.1
1,Cf,11K11,2,25,2,13.88,14.49
1,Cf,11K11,3,25,2,14.69,14.4
1,Cf,11K17,1,25,2,15.97,15.71
1,Cf,11K17,2,25,2,15.43,15.18
1,Cf,11K17,3,25,2,15.94,15.98
1,Cf,11J23,1,25,2,16.48,15.68
1,Cf,11J23,2,25,2,15.46,15.55
1,Cf,11J23,3,25,2,16.12,16.47
1,Cf,12D46,1,25,2,14.41,14.74
1,Cf,12D46,2,25,2,14.57,14.27
1,Cf,12D46,3,25,2,15.27,14.98
1,Cf,12J05,1,25,2,14.23,14.66
1,Cf,12J05,2,25,2,14.56,14.71
1,Cf,12J05,3,25,2,14.67,14.89
1,Cf,12J41,1,25,2,13.99,13
1,Cf,12J41,2,25,2,14.3,14.95
1,Cf,12J41,3,25,2,14.56,13.86
1,Cf,11K11,1,30,2,11.1,11.85
1,Cf,11K11,2,30,2,11.63,11.77
1,Cf,11K11,3,30,2,11.78,10.95
1,Cf,11K17,1,30,2,11.84,11.84
1,Cf,11K17,2,30,2,12.47,12.06
1,Cf,11K17,3,30,2,12.54,12.31
1,Cf,11J23,1,30,2,13,12.22
1,Cf,11J23,2,30,2,13.11,12.21
1,Cf,11J23,3,30,2,13.09,12.53
1,Cf,12D46,1,30,2,12.25,11.83
1,Cf,12D46,2,30,2,12.26,12.3
1,Cf,12D46,3,30,2,12,12.09
1,Cf,12J05,1,30,2,12.08,11.88
1,Cf,12J05,2,30,2,12.15,11.89
1,Cf,12J05,3,30,2,12.06,12.58
1,Cf,12J41,1,30,2,13.08,11.6
1,Cf,12J41,2,30,2,12.58,11.69
1,Cf,12J41,3,30,2,11.52,11.27
1,Cf,11K11,1,35,2,4,4
1,Cf,11K11,2,35,2,4,4
1,Cf,11K11,3,35,2,4,4
1,Cf,11K17,1,35,2,4,4
1,Cf,11K17,2,35,2,4,4
1,Cf,11K17,3,35,2,4,4
1,Cf,11J23,1,35,2,4,4
1,Cf,11J23,2,35,2,4,4
1,Cf,11J23,3,35,2,4,4
1,Cf,12D46,1,35,2,4,4
1,Cf,12D46,2,35,2,4,4
1,Cf,12D46,3,35,2,4,4
1,Cf,12J05,1,35,2,4,4
1,Cf,12J05,2,35,2,4,4
1,Cf,12J05,3,35,2,4,4
1,Cf,12J41,1,35,2,4,4
1,Cf,12J41,2,35,2,4,4
1,Cf,12J41,3,35,2,4,4
1,Cf,11K11,1,10,3,5.82,5.56
1,Cf,11K11,2,10,3,5.46,5.57
1,Cf,11K11,3,10,3,6.35,6.21
1,Cf,11K17,1,10,3,6.59,6.36
1,Cf,11K17,2,10,3,5.27,5.23
1,Cf,11K17,3,10,3,5.59,5.31
1,Cf,11J23,1,10,3,6.22,6.48
1,Cf,11J23,2,10,3,6.92,6.85
1,Cf,11J23,3,10,3,8.25,6.8
1,Cf,12D46,1,10,3,6.05,6.22
1,Cf,12D46,2,10,3,5.81,5.6
1,Cf,12D46,3,10,3,5.26,5.17
1,Cf,12J05,1,10,3,5.05,5.14
1,Cf,12J05,2,10,3,5.56,5.16
1,Cf,12J05,3,10,3,5.82,5.17
1,Cf,12J41,1,10,3,6.3,5.89
1,Cf,12J41,2,10,3,5.79,5.4
1,Cf,12J41,3,10,3,6.05,5.51
1,Cf,11K11,1,15,3,11.14,10.69
1,Cf,11K11,2,15,3,11.87,11.77
1,Cf,11K11,3,15,3,11.63,16.28
1,Cf,11K17,1,15,3,12.41,12.7
1,Cf,11K17,2,15,3,12.98,12.03
1,Cf,11K17,3,15,3,11.83,11.56
1,Cf,11J23,1,15,3,11.78,11.54
1,Cf,11J23,2,15,3,13.05,13.55
1,Cf,11J23,3,15,3,12.01,12.21
1,Cf,12D46,1,15,3,10.93,11.22
1,Cf,12D46,2,15,3,12.17,12.52
1,Cf,12D46,3,15,3,12.25,12.19
1,Cf,12J05,1,15,3,10.85,10.73
1,Cf,12J05,2,15,3,11.09,12.04
1,Cf,12J05,3,15,3,11.6,11.46
1,Cf,12J41,1,15,3,9.63,11.01
1,Cf,12J41,2,15,3,10.97,9.34
1,Cf,12J41,3,15,3,10.08,9.3
1,Cf,11K11,1,20,3,13.05,12.81
1,Cf,11K11,2,20,3,14.06,14.68
1,Cf,11K11,3,20,3,14.44,13.15
1,Cf,11K17,1,20,3,15.01,14.87
1,Cf,11K17,2,20,3,14.72,15.67
1,Cf,11K17,3,20,3,14.16,14.99
1,Cf,11J23,1,20,3,14.34,15.18
1,Cf,11J23,2,20,3,14.23,14.32
1,Cf,11J23,3,20,3,14.75,14.55
1,Cf,12D46,1,20,3,15.12,14.97
1,Cf,12D46,2,20,3,14.27,14.23
1,Cf,12D46,3,20,3,13.04,12.51
1,Cf,12J05,1,20,3,13.5,14.08
1,Cf,12J05,2,20,3,13.18,12.37
1,Cf,12J05,3,20,3,12.36,12.64
1,Cf,12J41,1,20,3,11.65,10.53
1,Cf,12J41,2,20,3,11.75,11.32
1,Cf,12J41,3,20,3,13.5,11.48
1,Cf,11K11,1,25,3,20.01,20.03
1,Cf,11K11,2,25,3,20.53,19.69
1,Cf,11K11,3,25,3,20.28,20.12
1,Cf,11K17,1,25,3,20.89,21.58
1,Cf,11K17,2,25,3,20.8,24.15
1,Cf,11K17,3,25,3,21.45,21.72
1,Cf,11J23,1,25,3,21.42,21.93
1,Cf,11J23,2,25,3,21.39,21.49
1,Cf,11J23,3,25,3,21.62,21.66
1,Cf,12D46,1,25,3,20.11,20.48
1,Cf,12D46,2,25,3,20.3,19.87
1,Cf,12D46,3,25,3,21.54,21.39
1,Cf,12J05,1,25,3,20.05,19.95
1,Cf,12J05,2,25,3,20.31,20.38
1,Cf,12J05,3,25,3,19.93,20.06
1,Cf,12J41,1,25,3,19.23,20.11
1,Cf,12J41,2,25,3,20.87,20.53
1,Cf,12J41,3,25,3,19.74,20.65
1,Cf,11K11,1,30,3,15.42,14.81
1,Cf,11K11,2,30,3,14.95,15.22
1,Cf,11K11,3,30,3,15.26,14.63
1,Cf,11K17,1,30,3,15.24,15.46
1,Cf,11K17,2,30,3,15.59,15.89
1,Cf,11K17,3,30,3,15.95,15.68
1,Cf,11J23,1,30,3,16.33,15.69
1,Cf,11J23,2,30,3,16.12,16.61
1,Cf,11J23,3,30,3,15.75,16.35
1,Cf,12D46,1,30,3,15.71,15.37
1,Cf,12D46,2,30,3,15.6,15.91
1,Cf,12D46,3,30,3,15.92,15.6
1,Cf,12J05,1,30,3,15.54,15.65
1,Cf,12J05,2,30,3,15.81,15.46
1,Cf,12J05,3,30,3,15.27,15.53
1,Cf,12J41,1,30,3,13.8,15.5
1,Cf,12J41,2,30,3,14.89,16.13
1,Cf,12J41,3,30,3,14.79,15.11
1,Cf,11K11,1,35,3,4,4
1,Cf,11K11,2,35,3,4,4
1,Cf,11K11,3,35,3,4,4
1,Cf,11K17,1,35,3,4,4
1,Cf,11K17,2,35,3,4,4
1,Cf,11K17,3,35,3,4,4
1,Cf,11J23,1,35,3,4,4
1,Cf,11J23,2,35,3,4,4
1,Cf,11J23,3,35,3,4,4
1,Cf,12D46,1,35,3,4,4
1,Cf,12D46,2,35,3,4,4
1,Cf,12D46,3,35,3,4,4
1,Cf,12J05,1,35,3,4,4
1,Cf,12J05,2,35,3,4,4
1,Cf,12J05,3,35,3,4,4
1,Cf,12J41,1,35,3,4,4
1,Cf,12J41,2,35,3,4,4
1,Cf,12J41,3,35,3,4,4
1,Cf,11K11,1,10,4,6.82,6.71
1,Cf,11K11,2,10,4,6.33,6.5
1,Cf,11K11,3,10,4,7.38,6.81
1,Cf,11K17,1,10,4,8.54,8.2
1,Cf,11K17,2,10,4,6.21,6.26
1,Cf,11K17,3,10,4,6.2,6.22
1,Cf,11J23,1,10,4,7.63,8.14
1,Cf,11J23,2,10,4,8.56,7.79
1,Cf,11J23,3,10,4,8.56,10.23
1,Cf,12D46,1,10,4,8.02,7.57
1,Cf,12D46,2,10,4,6.86,5.98
1,Cf,12D46,3,10,4,5.46,5.69
1,Cf,12J05,1,10,4,5.87,5.68
1,Cf,12J05,2,10,4,5.28,6.09
1,Cf,12J05,3,10,4,7.13,5.25
1,Cf,12J41,1,10,4,5.88,6.19
1,Cf,12J41,2,10,4,5.88,5.5
1,Cf,12J41,3,10,4,6.62,5.77
1,Cf,11K11,1,15,4,13.79,14.05
1,Cf,11K11,2,15,4,15.42,15.62
1,Cf,11K11,3,15,4,19.76,15.36
1,Cf,11K17,1,15,4,16.38,16.4
1,Cf,11K17,2,15,4,15.93,16.7
1,Cf,11K17,3,15,4,15.94,15.86
1,Cf,11J23,1,15,4,15.78,15.58
1,Cf,11J23,2,15,4,16.57,17.07
1,Cf,11J23,3,15,4,16.34,16.09
1,Cf,12D46,1,15,4,15.19,15.47
1,Cf,12D46,2,15,4,15.75,16.62
1,Cf,12D46,3,15,4,16.16,16.24
1,Cf,12J05,1,15,4,13.63,14.36
1,Cf,12J05,2,15,4,14.6,15.15
1,Cf,12J05,3,15,4,14.86,15.26
1,Cf,12J41,1,15,4,13.43,12.29
1,Cf,12J41,2,15,4,14.07,12.27
1,Cf,12J41,3,15,4,12.3,13.34
1,Cf,11K11,1,20,4,18.92,18.54
1,Cf,11K11,2,20,4,19.69,19.3
1,Cf,11K11,3,20,4,18.12,19.02
1,Cf,11K17,1,20,4,20.73,20.24
1,Cf,11K17,2,20,4,19.91,20.71
1,Cf,11K17,3,20,4,20.16,20.3
1,Cf,11J23,1,20,4,20.58,20.59
1,Cf,11J23,2,20,4,20.4,19.7
1,Cf,11J23,3,20,4,20.44,20.17
1,Cf,12D46,1,20,4,20.33,20.59
1,Cf,12D46,2,20,4,20.01,19.45
1,Cf,12D46,3,20,4,18.84,18.32
1,Cf,12J05,1,20,4,19.16,18.08
1,Cf,12J05,2,20,4,17.94,18.12
1,Cf,12J05,3,20,4,18.63,17.73
1,Cf,12J41,1,20,4,14.97,16.37
1,Cf,12J41,2,20,4,15.48,16.99
1,Cf,12J41,3,20,4,16.73,18.33
1,Cf,11K11,1,25,4,26.64,26.8
1,Cf,11K11,2,25,4,27.16,26.24
1,Cf,11K11,3,25,4,26.3,26.95
1,Cf,11K17,1,25,4,27.59,27.68
1,Cf,11K17,2,25,4,30.03,27.05
1,Cf,11K17,3,25,4,27.8,28.13
1,Cf,11J23,1,25,4,28.65,28.12
1,Cf,11J23,2,25,4,27.62,27.95
1,Cf,11J23,3,25,4,28.69,28.7
1,Cf,12D46,1,25,4,26.45,26.67
1,Cf,12D46,2,25,4,26.68,26.09
1,Cf,12D46,3,25,4,27.76,28.04
1,Cf,12J05,1,25,4,26.59,26.26
1,Cf,12J05,2,25,4,26.7,26.74
1,Cf,12J05,3,25,4,26.72,26.7
1,Cf,12J41,1,25,4,25.1,26.23
1,Cf,12J41,2,25,4,27.15,26.97
1,Cf,12J41,3,25,4,26.6,25.75
1,Cf,11K11,1,30,4,17.99,18.56
1,Cf,11K11,2,30,4,18.09,18.63
1,Cf,11K11,3,30,4,18.76,17.79
1,Cf,11K17,1,30,4,18.57,18.51
1,Cf,11K17,2,30,4,19.06,19.4
1,Cf,11K17,3,30,4,19.53,19.41
1,Cf,11J23,1,30,4,19.28,20.01
1,Cf,11J23,2,30,4,19.9,20.5
1,Cf,11J23,3,30,4,19.88,19.23
1,Cf,12D46,1,30,4,19.1,18.8
1,Cf,12D46,2,30,4,19.06,19.3
1,Cf,12D46,3,30,4,19.06,19.05
1,Cf,12J05,1,30,4,18.73,18.92
1,Cf,12J05,2,30,4,19.16,18.89
1,Cf,12J05,3,30,4,18.97,18.57
1,Cf,12J41,1,30,4,16.1,17.72
1,Cf,12J41,2,30,4,17.75,19.36
1,Cf,12J41,3,30,4,18.12,18.67
1,Cf,11K11,1,35,4,4,4
1,Cf,11K11,2,35,4,4,4
1,Cf,11K11,3,35,4,4,4
1,Cf,11K17,1,35,4,4,4
1,Cf,11K17,2,35,4,4,4
1,Cf,11K17,3,35,4,4,4
1,Cf,11J23,1,35,4,4,4
1,Cf,11J23,2,35,4,4,4
1,Cf,11J23,3,35,4,4,4
1,Cf,12D46,1,35,4,4,4
1,Cf,12D46,2,35,4,4,4
1,Cf,12D46,3,35,4,4,4
1,Cf,12J05,1,35,4,4,4
1,Cf,12J05,2,35,4,4,4
1,Cf,12J05,3,35,4,4,4
1,Cf,12J41,1,35,4,4,4
1,Cf,12J41,2,35,4,4,4
1,Cf,12J41,3,35,4,4,4
1,Cf,11K11,1,10,5,7.32,6.79
1,Cf,11K11,2,10,5,6.54,7.22
1,Cf,11K11,3,10,5,8.3,7.84
1,Cf,11K17,1,10,5,9.75,9.62
1,Cf,11K17,2,10,5,7.2,7.56
1,Cf,11K17,3,10,5,7.06,7.14
1,Cf,11J23,1,10,5,8.87,8.72
1,Cf,11J23,2,10,5,9.17,9.44
1,Cf,11J23,3,10,5,11.07,9.92
1,Cf,12D46,1,10,5,9.1,9.77
1,Cf,12D46,2,10,5,7.63,7.03
1,Cf,12D46,3,10,5,6.25,6.31
1,Cf,12J05,1,10,5,6.77,6.41
1,Cf,12J05,2,10,5,6.77,6.21
1,Cf,12J05,3,10,5,8.13,6.52
1,Cf,12J41,1,10,5,6.55,6.46
1,Cf,12J41,2,10,5,6.26,6.04
1,Cf,12J41,3,10,5,8.33,6.84
1,Cf,11K11,1,15,5,17.91,17.98
1,Cf,11K11,2,15,5,19.75,20.02
1,Cf,11K11,3,15,5,19.39,24.27
1,Cf,11K17,1,15,5,20.27,20.31
1,Cf,11K17,2,15,5,19.95,20.64
1,Cf,11K17,3,15,5,20.42,20.49
1,Cf,11J23,1,15,5,20.9,20.23
1,Cf,11J23,2,15,5,21.59,21.61
1,Cf,11J23,3,15,5,20.04,20.53
1,Cf,12D46,1,15,5,19.28,20.08
1,Cf,12D46,2,15,5,21,20.81
1,Cf,12D46,3,15,5,20.67,20.17
1,Cf,12J05,1,15,5,17.99,17.22
1,Cf,12J05,2,15,5,19.67,19.17
1,Cf,12J05,3,15,5,19.19,19.38
1,Cf,12J41,1,15,5,16.95,15.96
1,Cf,12J41,2,15,5,16.32,17.53
1,Cf,12J41,3,15,5,16.62,16.17
1,Cf,11K11,1,20,5,24.82,24.45
1,Cf,11K11,2,20,5,25.78,25.65
1,Cf,11K11,3,20,5,24.75,25.26
1,Cf,11K17,1,20,5,26.09,26.57
1,Cf,11K17,2,20,5,26.32,26.44
1,Cf,11K17,3,20,5,26.01,26
1,Cf,11J23,1,20,5,26.22,25.74
1,Cf,11J23,2,20,5,25.38,26.03
1,Cf,11J23,3,20,5,26.12,26.31
1,Cf,12D46,1,20,5,26.12,26.37
1,Cf,12D46,2,20,5,26.26,25.88
1,Cf,12D46,3,20,5,24.84,24.35
1,Cf,12J05,1,20,5,24.95,24.33
1,Cf,12J05,2,20,5,24.17,24.1
1,Cf,12J05,3,20,5,23.79,24.53
1,Cf,12J41,1,20,5,20.52,22.4
1,Cf,12J41,2,20,5,21.4,23.01
1,Cf,12J41,3,20,5,24.12,23.38
1,Cf,11K11,1,25,5,33.63,33.75
1,Cf,11K11,2,25,5,33.12,34.01
1,Cf,11K11,3,25,5,33.46,34.33
1,Cf,11K17,1,25,5,34.89,34.94
1,Cf,11K17,2,25,5,34.85,37.27
1,Cf,11K17,3,25,5,36.08,35.8
1,Cf,11J23,1,25,5,36.34,35.97
1,Cf,11J23,2,25,5,35.46,35.73
1,Cf,11J23,3,25,5,36.62,36.27
1,Cf,12D46,1,25,5,34.61,34.84
1,Cf,12D46,2,25,5,34.59,34.06
1,Cf,12D46,3,25,5,35.86,35.97
1,Cf,12J05,1,25,5,34.3,33.78
1,Cf,12J05,2,25,5,34.38,34.73
1,Cf,12J05,3,25,5,34.71,34.75
1,Cf,12J41,1,25,5,32.65,33.87
1,Cf,12J41,2,25,5,34.97,33.84
1,Cf,12J41,3,25,5,34.14,34.08
1,Cf,11K11,1,30,5,22.64,22.07
1,Cf,11K11,2,30,5,22.47,22.56
1,Cf,11K11,3,30,5,22.69,21.84
1,Cf,11K17,1,30,5,22.55,22.47
1,Cf,11K17,2,30,5,22.37,22.74
1,Cf,11K17,3,30,5,23.16,23.71
1,Cf,11J23,1,30,5,24.46,23.66
1,Cf,11J23,2,30,5,23.2,24.01
1,Cf,11J23,3,30,5,24.94,24.38
1,Cf,12D46,1,30,5,23.08,22.61
1,Cf,12D46,2,30,5,22.88,23.4
1,Cf,12D46,3,30,5,23.03,23.02
1,Cf,12J05,1,30,5,23.12,22.5
1,Cf,12J05,2,30,5,22.69,22.2
1,Cf,12J05,3,30,5,22.74,22.89
1,Cf,12J41,1,30,5,20.56,19.26
1,Cf,12J41,2,30,5,21.91,23.33
1,Cf,12J41,3,30,5,22.07,23.02
1,Cf,11K11,1,35,5,4,4
1,Cf,11K11,2,35,5,4,4
1,Cf,11K11,3,35,5,4,4
1,Cf,11K17,1,35,5,4,4
1,Cf,11K17,2,35,5,4,4
1,Cf,11K17,3,35,5,4,4
1,Cf,11J23,1,35,5,4,4
1,Cf,11J23,2,35,5,4,4
1,Cf,11J23,3,35,5,4,4
1,Cf,12D46,1,35,5,4,4
1,Cf,12D46,2,35,5,4,4
1,Cf,12D46,3,35,5,4,4
1,Cf,12J05,1,35,5,4,4
1,Cf,12J05,2,35,5,4,4
1,Cf,12J05,3,35,5,4,4
1,Cf,12J41,1,35,5,4,4
1,Cf,12J41,2,35,5,4,4
1,Cf,12J41,3,35,5,4,4
1,Cf,11K11,1,10,6,7.99,8.38
1,Cf,11K11,2,10,6,7.91,7.14
1,Cf,11K11,3,10,6,9.24,8.34
1,Cf,11K17,1,10,6,10.83,11.27
1,Cf,11K17,2,10,6,7.43,7.78
1,Cf,11K17,3,10,6,7.62,7.79
1,Cf,11J23,1,10,6,9.35,9.11
1,Cf,11J23,2,10,6,10.49,9.86
1,Cf,11J23,3,10,6,12.84,11.19
1,Cf,12D46,1,10,6,11.24,9.9
1,Cf,12D46,2,10,6,7.71,9.14
1,Cf,12D46,3,10,6,6.96,6.51
1,Cf,12J05,1,10,6,7.45,7.64
1,Cf,12J05,2,10,6,7.04,7.68
1,Cf,12J05,3,10,6,6.95,9.61
1,Cf,12J41,1,10,6,7.51,7.49
1,Cf,12J41,2,10,6,6.61,6.86
1,Cf,12J41,3,10,6,9.4,7.31
1,Cf,11K11,1,15,6,21.7,22
1,Cf,11K11,2,15,6,23.65,23.71
1,Cf,11K11,3,15,6,22.89,27.79
1,Cf,11K17,1,15,6,24.19,24.25
1,Cf,11K17,2,15,6,25.05,23.72
1,Cf,11K17,3,15,6,24.15,24.58
1,Cf,11J23,1,15,6,24.07,24.75
1,Cf,11J23,2,15,6,24.91,25.62
1,Cf,11J23,3,15,6,23.79,24.17
1,Cf,12D46,1,15,6,23.65,23.29
1,Cf,12D46,2,15,6,24.86,24.51
1,Cf,12D46,3,15,6,24.41,24.71
1,Cf,12J05,1,15,6,20.85,22.16
1,Cf,12J05,2,15,6,22.67,23.09
1,Cf,12J05,3,15,6,23.03,23.33
1,Cf,12J41,1,15,6,19.28,20.33
1,Cf,12J41,2,15,6,21.15,19.11
1,Cf,12J41,3,15,6,20.22,19.79
1,Cf,11K11,1,20,6,30.72,30.98
1,Cf,11K11,2,20,6,32.02,31.15
1,Cf,11K11,3,20,6,30.41,31.49
1,Cf,11K17,1,20,6,32.22,32.91
1,Cf,11K17,2,20,6,32.73,33.07
1,Cf,11K17,3,20,6,32.45,32.17
1,Cf,11J23,1,20,6,32.49,32.08
1,Cf,11J23,2,20,6,32.4,31.81
1,Cf,11J23,3,20,6,32.67,32.54
1,Cf,12D46,1,20,6,32.7,32.61
1,Cf,12D46,2,20,6,33,32.01
1,Cf,12D46,3,20,6,30.9,31.4
1,Cf,12J05,1,20,6,31.04,30.83
1,Cf,12J05,2,20,6,30.6,30.61
1,Cf,12J05,3,20,6,30.54,30.34
1,Cf,12J41,1,20,6,26.63,28.69
1,Cf,12J41,2,20,6,28.83,28.12
1,Cf,12J41,3,20,6,28.43,30.84
1,Cf,11K11,1,25,6,40.91,41.2
1,Cf,11K11,2,25,6,40.85,41.68
1,Cf,11K11,3,25,6,41.14,41.79
1,Cf,11K17,1,25,6,42.34,41.92
1,Cf,11K17,2,25,6,41.59,43.62
1,Cf,11K17,3,25,6,42.93,42.57
1,Cf,11J23,1,25,6,42.36,43.26
1,Cf,11J23,2,25,6,42.39,42.6
1,Cf,11J23,3,25,6,43.57,43.36
1,Cf,12D46,1,25,6,41.39,40.91
1,Cf,12D46,2,25,6,41.81,41.19
1,Cf,12D46,3,25,6,43.15,42.56
1,Cf,12J05,1,25,6,40.8,40.93
1,Cf,12J05,2,25,6,41.93,41.52
1,Cf,12J05,3,25,6,41.34,41.43
1,Cf,12J41,1,25,6,40.46,39.28
1,Cf,12J41,2,25,6,40.6,41.78
1,Cf,12J41,3,25,6,41.46,41.28
1,Cf,11K11,1,30,6,26.12,25.68
1,Cf,11K11,2,30,6,26.21,25.96
1,Cf,11K11,3,30,6,25.39,26.7
1,Cf,11K17,1,30,6,26.32,26.07
1,Cf,11K17,2,30,6,26.37,26.75
1,Cf,11K17,3,30,6,26.79,27.36
1,Cf,11J23,1,30,6,27.03,28.06
1,Cf,11J23,2,30,6,27.94,27.2
1,Cf,11J23,3,30,6,28.18,28.9
1,Cf,12D46,1,30,6,26.4,26.49
1,Cf,12D46,2,30,6,26.77,26.72
1,Cf,12D46,3,30,6,26.72,26.64
1,Cf,12J05,1,30,6,26.09,26.06
1,Cf,12J05,2,30,6,26.91,26.24
1,Cf,12J05,3,30,6,26.5,26.25
1,Cf,12J41,1,30,6,22.03,23.18
1,Cf,12J41,2,30,6,25.39,26.84
1,Cf,12J41,3,30,6,26.77,26.2
1,Cf,11K11,1,35,6,4,4
1,Cf,11K11,2,35,6,4,4
1,Cf,11K11,3,35,6,4,4
1,Cf,11K17,1,35,6,4,4
1,Cf,11K17,2,35,6,4,4
1,Cf,11K17,3,35,6,4,4
1,Cf,11J23,1,35,6,4,4
1,Cf,11J23,2,35,6,4,4
1,Cf,11J23,3,35,6,4,4
1,Cf,12D46,1,35,6,4,4
1,Cf,12D46,2,35,6,4,4
1,Cf,12D46,3,35,6,4,4
1,Cf,12J05,1,35,6,4,4
1,Cf,12J05,2,35,6,4,4
1,Cf,12J05,3,35,6,4,4
1,Cf,12J41,1,35,6,4,4
1,Cf,12J41,2,35,6,4,4
1,Cf,12J41,3,35,6,4,4
1,Cf,11K11,1,10,7,9.62,8.99
1,Cf,11K11,2,10,7,8.48,9.06
1,Cf,11K11,3,10,7,9.3,9.87
1,Cf,11K17,1,10,7,12.13,11.67
1,Cf,11K17,2,10,7,8.16,8.75
1,Cf,11K17,3,10,7,9.23,8.84
1,Cf,11J23,1,10,7,10.16,10.41
1,Cf,11J23,2,10,7,12.23,11.29
1,Cf,11J23,3,10,7,14.49,12.48
1,Cf,12D46,1,10,7,12.08,11.33
1,Cf,12D46,2,10,7,9.21,9.03
1,Cf,12D46,3,10,7,7.74,7.79
1,Cf,12J05,1,10,7,8.1,8.23
1,Cf,12J05,2,10,7,8.82,7.21
1,Cf,12J05,3,10,7,10.27,8.73
1,Cf,12J41,1,10,7,10.37,8.75
1,Cf,12J41,2,10,7,7.18,6.95
1,Cf,12J41,3,10,7,8.24,8.86
1,Cf,11K11,1,15,7,25.85,25.69
1,Cf,11K11,2,15,7,28.05,28.01
1,Cf,11K11,3,15,7,31.92,27.84
1,Cf,11K17,1,15,7,27.85,28.16
1,Cf,11K17,2,15,7,27.94,29.04
1,Cf,11K17,3,15,7,28.59,28.24
1,Cf,11J23,1,15,7,28.09,28.13
1,Cf,11J23,2,15,7,29.42,29.2
1,Cf,11J23,3,15,7,28.31,28.41
1,Cf,12D46,1,15,7,27.5,27.46
1,Cf,12D46,2,15,7,28.99,29.03
1,Cf,12D46,3,15,7,28.87,28.74
1,Cf,12J05,1,15,7,26.17,25.45
1,Cf,12J05,2,15,7,26.65,27.37
1,Cf,12J05,3,15,7,27.02,27.46
1,Cf,12J41,1,15,7,23.39,22.31
1,Cf,12J41,2,15,7,24.74,22.99
1,Cf,12J41,3,15,7,23.36,24.17
1,Cf,11K11,1,20,7,35.93,36.9
1,Cf,11K11,2,20,7,36.81,38.21
1,Cf,11K11,3,20,7,35.59,36.31
1,Cf,11K17,1,20,7,37.48,38.58
1,Cf,11K17,2,20,7,38.54,38.32
1,Cf,11K17,3,20,7,37.69,37.55
1,Cf,11J23,1,20,7,37.95,37.98
1,Cf,11J23,2,20,7,37.5,38.45
1,Cf,11J23,3,20,7,38.49,38.27
1,Cf,12D46,1,20,7,38.57,38.05
1,Cf,12D46,2,20,7,37.81,38.57
1,Cf,12D46,3,20,7,37.3,36.72
1,Cf,12J05,1,20,7,36.7,36.3
1,Cf,12J05,2,20,7,36.9,36.24
1,Cf,12J05,3,20,7,35.68,35.9
1,Cf,12J41,1,20,7,34.3,32.54
1,Cf,12J41,2,20,7,33.93,34.57
1,Cf,12J41,3,20,7,37.05,34.77
1,Cf,11K11,1,25,7,47.39,47.94
1,Cf,11K11,2,25,7,48.89,48.13
1,Cf,11K11,3,25,7,49.31,48.34
1,Cf,11K17,1,25,7,48.97,48.24
1,Cf,11K17,2,25,7,49.15,51.67
1,Cf,11K17,3,25,7,49.75,49.37
1,Cf,11J23,1,25,7,49.23,49.35
1,Cf,11J23,2,25,7,50.32,50.27
1,Cf,11J23,3,25,7,50.65,50.39
1,Cf,12D46,1,25,7,48.03,48.53
1,Cf,12D46,2,25,7,49.27,48.2
1,Cf,12D46,3,25,7,50.95,50.57
1,Cf,12J05,1,25,7,47.49,48.07
1,Cf,12J05,2,25,7,49.49,48.58
1,Cf,12J05,3,25,7,48.69,48.99
1,Cf,12J41,1,25,7,47.01,46.33
1,Cf,12J41,2,25,7,49.77,48.85
1,Cf,12J41,3,25,7,48.49,48.83
1,Cf,11K11,1,30,7,30.4,29.93
1,Cf,11K11,2,30,7,30.37,30.43
1,Cf,11K11,3,30,7,29.73,30.34
1,Cf,11K17,1,30,7,30.04,29.73
1,Cf,11K17,2,30,7,30.09,30.34
1,Cf,11K17,3,30,7,30.21,30.71
1,Cf,11J23,1,30,7,31.1,31.72
1,Cf,11J23,2,30,7,30.83,31.5
1,Cf,11J23,3,30,7,32.64,32.02
1,Cf,12D46,1,30,7,30.33,30.31
1,Cf,12D46,2,30,7,30.86,30.94
1,Cf,12D46,3,30,7,30.29,30.19
1,Cf,12J05,1,30,7,30.06,29.79
1,Cf,12J05,2,30,7,30.42,29.78
1,Cf,12J05,3,30,7,30.17,29.73
1,Cf,12J41,1,30,7,26.48,24.67
1,Cf,12J41,2,30,7,28.32,30.5
1,Cf,12J41,3,30,7,29.76,29.41
1,Cf,11K11,1,35,7,4,4
1,Cf,11K11,2,35,7,4,4
1,Cf,11K11,3,35,7,4,4
1,Cf,11K17,1,35,7,4,4
1,Cf,11K17,2,35,7,4,4
1,Cf,11K17,3,35,7,4,4
1,Cf,11J23,1,35,7,4,4
1,Cf,11J23,2,35,7,4,4
1,Cf,11J23,3,35,7,4,4
1,Cf,12D46,1,35,7,4,4
1,Cf,12D46,2,35,7,4,4
1,Cf,12D46,3,35,7,4,4
1,Cf,12J05,1,35,7,4,4
1,Cf,12J05,2,35,7,4,4
1,Cf,12J05,3,35,7,4,4
1,Cf,12J41,1,35,7,4,4
1,Cf,12J41,2,35,7,4,4
1,Cf,12J41,3,35,7,4,4
2,Cf,11K11,1,10,1,4,4
2,Cf,11K11,2,10,1,4,4
2,Cf,11K11,3,10,1,4,4
2,Cf,11K17,1,10,1,4,4
2,Cf,11K17,2,10,1,4,4
2,Cf,11K17,3,10,1,4,4
2,Cf,11J23,1,10,1,4,4
2,Cf,11J23,2,10,1,4,4
2,Cf,11J23,3,10,1,4,4
2,Cf,12D46,1,10,1,4,4
2,Cf,12D46,2,10,1,4,4
2,Cf,12D46,3,10,1,4,4
2,Cf,12J05,1,10,1,4,4
2,Cf,12J05,2,10,1,4,4
2,Cf,12J05,3,10,1,4,4
2,Cf,12J41,1,10,1,4,4
2,Cf,12J41,2,10,1,4,4
2,Cf,12J41,3,10,1,4,4
2,Cf,11K11,1,15,1,4.03,4
2,Cf,11K11,2,15,1,4.1,4.09
2,Cf,11K11,3,15,1,4.07,4.01
2,Cf,11K17,1,15,1,4.5,4.31
2,Cf,11K17,2,15,1,4.53,4.57
2,Cf,11K17,3,15,1,4.55,4.25
2,Cf,11J23,1,15,1,4.54,4.51
2,Cf,11J23,2,15,1,4.31,4.5
2,Cf,11J23,3,15,1,4.1,4.04
2,Cf,12D46,1,15,1,4,4.03
2,Cf,12D46,2,15,1,4,4
2,Cf,12D46,3,15,1,4,4
2,Cf,12J05,1,15,1,4.02,4
2,Cf,12J05,2,15,1,4,4
2,Cf,12J05,3,15,1,4.08,4.09
2,Cf,12J41,1,15,1,4.01,4.03
2,Cf,12J41,2,15,1,4,4
2,Cf,12J41,3,15,1,4,4
2,Cf,11K11,1,20,1,5.56,5.11
2,Cf,11K11,2,20,1,5.17,4.7
2,Cf,11K11,3,20,1,6.66,5.5
2,Cf,11K17,1,20,1,6.64,6.58
2,Cf,11K17,2,20,1,6.8,6.57
2,Cf,11K17,3,20,1,6.54,6.34
2,Cf,11J23,1,20,1,6.74,6.75
2,Cf,11J23,2,20,1,5.96,5.87
2,Cf,11J23,3,20,1,6.46,6.42
2,Cf,12D46,1,20,1,4.61,4.73
2,Cf,12D46,2,20,1,4.62,4.71
2,Cf,12D46,3,20,1,4.89,4.75
2,Cf,12J05,1,20,1,4.25,4.3
2,Cf,12J05,2,20,1,4.75,4.82
2,Cf,12J05,3,20,1,4.61,4.6
2,Cf,12J41,1,20,1,4.69,4.53
2,Cf,12J41,2,20,1,4.75,4.8
2,Cf,12J41,3,20,1,4.37,4.56
2,Cf,11K11,1,25,1,6.63,6.59
2,Cf,11K11,2,25,1,7.52,7.35
2,Cf,11K11,3,25,1,8.46,8.17
2,Cf,11K17,1,25,1,8.55,8.42
2,Cf,11K17,2,25,1,8.41,8.45
2,Cf,11K17,3,25,1,8.23,8.46
2,Cf,11J23,1,25,1,7.81,7.93
2,Cf,11J23,2,25,1,8.4,8.34
2,Cf,11J23,3,25,1,8.69,8.57
2,Cf,12D46,1,25,1,7.89,7.52
2,Cf,12D46,2,25,1,7.36,7.12
2,Cf,12D46,3,25,1,7.42,7.43
2,Cf,12J05,1,25,1,6.4,6.3
2,Cf,12J05,2,25,1,7.56,6.94
2,Cf,12J05,3,25,1,6.92,7.01
2,Cf,12J41,1,25,1,7.27,7.54
2,Cf,12J41,2,25,1,8.38,8.21
2,Cf,12J41,3,25,1,6.63,6.79
2,Cf,11K11,1,30,1,4.55,4.75
2,Cf,11K11,2,30,1,5.08,4.96
2,Cf,11K11,3,30,1,5.96,5.62
2,Cf,11K17,1,30,1,6.77,6.93
2,Cf,11K17,2,30,1,7.27,7.04
2,Cf,11K17,3,30,1,7,6.42
2,Cf,11J23,1,30,1,7.3,7.06
2,Cf,11J23,2,30,1,7.14,7.17
2,Cf,11J23,3,30,1,6.94,6.8
2,Cf,12D46,1,30,1,6.49,6.47
2,Cf,12D46,2,30,1,6.55,6.64
2,Cf,12D46,3,30,1,6.71,6.15
2,Cf,12J05,1,30,1,4.13,4.27
2,Cf,12J05,2,30,1,4.58,4.73
2,Cf,12J05,3,30,1,4.26,4.51
2,Cf,12J41,1,30,1,5.93,5.63
2,Cf,12J41,2,30,1,5.23,5.07
2,Cf,12J41,3,30,1,5.3,5.32
2,Cf,11K11,1,35,1,4,4
2,Cf,11K11,2,35,1,4,4
2,Cf,11K11,3,35,1,4,4
2,Cf,11K17,1,35,1,4,4
2,Cf,11K17,2,35,1,4,4
2,Cf,11K17,3,35,1,4,4
2,Cf,11J23,1,35,1,4,4
2,Cf,11J23,2,35,1,4,4
2,Cf,11J23,3,35,1,4,4
2,Cf,12D46,1,35,1,4,4
2,Cf,12D46,2,35,1,4,4
2,Cf,12D46,3,35,1,4,4
2,Cf,12J05,1,35,1,4,4
2,Cf,12J05,2,35,1,4,4
2,Cf,12J05,3,35,1,4,4
2,Cf,12J41,1,35,1,4,4
2,Cf,12J41,2,35,1,4,4
2,Cf,12J41,3,35,1,4,4
2,Cf,11K11,1,10,2,4,4
2,Cf,11K11,2,10,2,4.1,4
2,Cf,11K11,3,10,2,4,4
2,Cf,11K17,1,10,2,4,4
2,Cf,11K17,2,10,2,4,4
2,Cf,11K17,3,10,2,4,4.11
2,Cf,11J23,1,10,2,4.02,4
2,Cf,11J23,2,10,2,4.05,4.09
2,Cf,11J23,3,10,2,4.04,4.11
2,Cf,12D46,1,10,2,4,4
2,Cf,12D46,2,10,2,4,4
2,Cf,12D46,3,10,2,4,4
2,Cf,12J05,1,10,2,4,4
2,Cf,12J05,2,10,2,4,4
2,Cf,12J05,3,10,2,4,4
2,Cf,12J41,1,10,2,4,4
2,Cf,12J41,2,10,2,4,4
2,Cf,12J41,3,10,2,4,4
2,Cf,11K11,1,15,2,4.93,4.82
2,Cf,11K11,2,15,2,6.3,5.23
2,Cf,11K11,3,15,2,5.77,6.4
2,Cf,11K17,1,15,2,6.13,6.16
2,Cf,11K17,2,15,2,6.92,6.2
2,Cf,11K17,3,15,2,5.62,5.99
2,Cf,11J23,1,15,2,6.59,6.95
2,Cf,11J23,2,15,2,6.77,7
2,Cf,11J23,3,15,2,6.35,6.14
2,Cf,12D46,1,15,2,5.49,4.15
2,Cf,12D46,2,15,2,5.12,4.8
2,Cf,12D46,3,15,2,5.33,4.84
2,Cf,12J05,1,15,2,5.49,5.06
2,Cf,12J05,2,15,2,4.31,4.26
2,Cf,12J05,3,15,2,5.55,5.63
2,Cf,12J41,1,15,2,5.1,5.05
2,Cf,12J41,2,15,2,5.3,5.02
2,Cf,12J41,3,15,2,5.53,6.15
2,Cf,11K11,1,20,2,10.73,10.27
2,Cf,11K11,2,20,2,10.9,10.25
2,Cf,11K11,3,20,2,11.83,10.93
2,Cf,11K17,1,20,2,11.14,11.73
2,Cf,11K17,2,20,2,11.67,11.58
2,Cf,11K17,3,20,2,11.88,11.97
2,Cf,11J23,1,20,2,12,11.4
2,Cf,11J23,2,20,2,11.98,11.3
2,Cf,11J23,3,20,2,11.58,11.95
2,Cf,12D46,1,20,2,9.69,9.96
2,Cf,12D46,2,20,2,9.58,9.18
2,Cf,12D46,3,20,2,9.02,9.73
2,Cf,12J05,1,20,2,9.65,8.87
2,Cf,12J05,2,20,2,10.01,9.74
2,Cf,12J05,3,20,2,9.61,9.83
2,Cf,12J41,1,20,2,9.3,9.1
2,Cf,12J41,2,20,2,10.69,10.45
2,Cf,12J41,3,20,2,9,9.35
2,Cf,11K11,1,25,2,11.86,11.3
2,Cf,11K11,2,25,2,12.89,13.02
2,Cf,11K11,3,25,2,13.8,13.84
2,Cf,11K17,1,25,2,14.24,13.82
2,Cf,11K17,2,25,2,13.74,13.02
2,Cf,11K17,3,25,2,13.13,13.07
2,Cf,11J23,1,25,2,12.86,12.87
2,Cf,11J23,2,25,2,13.51,14.09
2,Cf,11J23,3,25,2,13.89,14.12
2,Cf,12D46,1,25,2,12.72,12.43
2,Cf,12D46,2,25,2,12.09,12.38
2,Cf,12D46,3,25,2,12.65,12.9
2,Cf,12J05,1,25,2,11.37,12
2,Cf,12J05,2,25,2,11.53,12.67
2,Cf,12J05,3,25,2,11.89,11.75
2,Cf,12J41,1,25,2,12.55,12.71
2,Cf,12J41,2,25,2,12.9,13.39
2,Cf,12J41,3,25,2,12,12.29
2,Cf,11K11,1,30,2,8.14,8.23
2,Cf,11K11,2,30,2,8.08,8.63
2,Cf,11K11,3,30,2,9.06,8.89
2,Cf,11K17,1,30,2,10.02,10.06
2,Cf,11K17,2,30,2,10.03,10.17
2,Cf,11K17,3,30,2,9.75,10.1
2,Cf,11J23,1,30,2,10.53,10.29
2,Cf,11J23,2,30,2,10.14,10.56
2,Cf,11J23,3,30,2,10.15,10.32
2,Cf,12D46,1,30,2,9.86,9.62
2,Cf,12D46,2,30,2,10.08,9.94
2,Cf,12D46,3,30,2,9.83,9.47
2,Cf,12J05,1,30,2,8.58,6.81
2,Cf,12J05,2,30,2,7.76,7.88
2,Cf,12J05,3,30,2,7.39,6.89
2,Cf,12J41,1,30,2,9.24,9
2,Cf,12J41,2,30,2,8.22,8.41
2,Cf,12J41,3,30,2,8.91,8.67
2,Cf,11K11,1,35,2,4,4
2,Cf,11K11,2,35,2,4,4
2,Cf,11K11,3,35,2,4,4
2,Cf,11K17,1,35,2,4,4
2,Cf,11K17,2,35,2,4,4
2,Cf,11K17,3,35,2,4,4
2,Cf,11J23,1,35,2,4,4
2,Cf,11J23,2,35,2,4,4
2,Cf,11J23,3,35,2,NA,NA
2,Cf,12D46,1,35,2,4,4
2,Cf,12D46,2,35,2,4,4
2,Cf,12D46,3,35,2,4,4
2,Cf,12J05,1,35,2,4,4
2,Cf,12J05,2,35,2,4,4
2,Cf,12J05,3,35,2,4,4
2,Cf,12J41,1,35,2,4,4
2,Cf,12J41,2,35,2,4,4
2,Cf,12J41,3,35,2,4,4
2,Cf,11K11,1,10,3,4.55,4.54
2,Cf,11K11,2,10,3,4.43,4.31
2,Cf,11K11,3,10,3,4.33,4.02
2,Cf,11K17,1,10,3,4.93,4.68
2,Cf,11K17,2,10,3,4.19,4.03
2,Cf,11K17,3,10,3,4.14,4.2
2,Cf,11J23,1,10,3,4.79,4.78
2,Cf,11J23,2,10,3,4.72,4.71
2,Cf,11J23,3,10,3,4.72,4.62
2,Cf,12D46,1,10,3,4,4
2,Cf,12D46,2,10,3,4,4
2,Cf,12D46,3,10,3,4,4
2,Cf,12J05,1,10,3,4.56,4
2,Cf,12J05,2,10,3,4.44,4
2,Cf,12J05,3,10,3,4.01,4
2,Cf,12J41,1,10,3,4.02,4.29
2,Cf,12J41,2,10,3,4.07,4.47
2,Cf,12J41,3,10,3,4.11,4.24
2,Cf,11K11,1,15,3,9.57,8.3
2,Cf,11K11,2,15,3,10.17,9.5
2,Cf,11K11,3,15,3,10.4,10.91
2,Cf,11K17,1,15,3,10.3,10.13
2,Cf,11K17,2,15,3,11.71,11.23
2,Cf,11K17,3,15,3,9.51,10.23
2,Cf,11J23,1,15,3,11.2,10.74
2,Cf,11J23,2,15,3,11.04,11.17
2,Cf,11J23,3,15,3,10.6,10.07
2,Cf,12D46,1,15,3,8.9,7.28
2,Cf,12D46,2,15,3,8.73,7.67
2,Cf,12D46,3,15,3,8.48,7.32
2,Cf,12J05,1,15,3,9.49,8.65
2,Cf,12J05,2,15,3,9.3,8.44
2,Cf,12J05,3,15,3,7.66,6.98
2,Cf,12J41,1,15,3,9.1,8.92
2,Cf,12J41,2,15,3,8.86,8.19
2,Cf,12J41,3,15,3,9.83,9.26
2,Cf,11K11,1,20,3,17.03,16.93
2,Cf,11K11,2,20,3,16.04,16.53
2,Cf,11K11,3,20,3,18.35,17.05
2,Cf,11K17,1,20,3,17.91,18.14
2,Cf,11K17,2,20,3,18.89,18.04
2,Cf,11K17,3,20,3,18.55,18.42
2,Cf,11J23,1,20,3,18.34,17.93
2,Cf,11J23,2,20,3,18.41,17.88
2,Cf,11J23,3,20,3,17.94,18.51
2,Cf,12D46,1,20,3,15.38,15.92
2,Cf,12D46,2,20,3,16.27,15.32
2,Cf,12D46,3,20,3,16.08,15.18
2,Cf,12J05,1,20,3,15.43,15.58
2,Cf,12J05,2,20,3,16.25,15.83
2,Cf,12J05,3,20,3,15.67,15.92
2,Cf,12J41,1,20,3,15.16,15.2
2,Cf,12J41,2,20,3,16.26,16.04
2,Cf,12J41,3,20,3,15.98,15.87
2,Cf,11K11,1,25,3,19.37,18.34
2,Cf,11K11,2,25,3,20.34,20.37
2,Cf,11K11,3,25,3,21.59,21.75
2,Cf,11K17,1,25,3,21.29,21.61
2,Cf,11K17,2,25,3,21.01,21.18
2,Cf,11K17,3,25,3,21.04,21.08
2,Cf,11J23,1,25,3,20.84,20.55
2,Cf,11J23,2,25,3,21.2,20.98
2,Cf,11J23,3,25,3,21.74,21.72
2,Cf,12D46,1,25,3,20.6,19.86
2,Cf,12D46,2,25,3,19.35,20.23
2,Cf,12D46,3,25,3,20.66,20.55
2,Cf,12J05,1,25,3,19.33,19.29
2,Cf,12J05,2,25,3,19.74,19.97
2,Cf,12J05,3,25,3,19.16,19.23
2,Cf,12J41,1,25,3,20.06,19.79
2,Cf,12J41,2,25,3,20.86,21.09
2,Cf,12J41,3,25,3,19.04,18.82
2,Cf,11K11,1,30,3,13.51,12.1
2,Cf,11K11,2,30,3,13.25,12.72
2,Cf,11K11,3,30,3,13.92,13.42
2,Cf,11K17,1,30,3,14.7,14.33
2,Cf,11K17,2,30,3,15.06,14.97
2,Cf,11K17,3,30,3,14.78,14.5
2,Cf,11J23,1,30,3,15.14,14.7
2,Cf,11J23,2,30,3,14.99,15.38
2,Cf,11J23,3,30,3,14.99,14.85
2,Cf,12D46,1,30,3,14.56,14.26
2,Cf,12D46,2,30,3,14.63,14.51
2,Cf,12D46,3,30,3,14.39,14.56
2,Cf,12J05,1,30,3,13.42,11.25
2,Cf,12J05,2,30,3,12.41,12.47
2,Cf,12J05,3,30,3,12.42,12.28
2,Cf,12J41,1,30,3,13.61,13.3
2,Cf,12J41,2,30,3,13.02,13.03
2,Cf,12J41,3,30,3,13.02,13.16
2,Cf,11K11,1,35,3,4,4
2,Cf,11K11,2,35,3,4,4
2,Cf,11K11,3,35,3,4,4
2,Cf,11K17,1,35,3,4,4
2,Cf,11K17,2,35,3,4,4
2,Cf,11K17,3,35,3,4,4
2,Cf,11J23,1,35,3,4,4
2,Cf,11J23,2,35,3,4,4
2,Cf,11J23,3,35,3,NA,NA
2,Cf,12D46,1,35,3,4,4
2,Cf,12D46,2,35,3,4,4
2,Cf,12D46,3,35,3,4,4
2,Cf,12J05,1,35,3,4,4
2,Cf,12J05,2,35,3,4,4
2,Cf,12J05,3,35,3,4,4
2,Cf,12J41,1,35,3,4,4
2,Cf,12J41,2,35,3,4,4
2,Cf,12J41,3,35,3,4,4
2,Cf,11K11,1,10,4,5.16,4.99
2,Cf,11K11,2,10,4,5.66,4.57
2,Cf,11K11,3,10,4,4.48,4.46
2,Cf,11K17,1,10,4,5.68,5.03
2,Cf,11K17,2,10,4,4.45,4.44
2,Cf,11K17,3,10,4,4.79,4.54
2,Cf,11J23,1,10,4,5.38,5.21
2,Cf,11J23,2,10,4,5.06,5.19
2,Cf,11J23,3,10,4,5.74,5.22
2,Cf,12D46,1,10,4,4.18,4
2,Cf,12D46,2,10,4,4.68,4.29
2,Cf,12D46,3,10,4,4.67,4.9
2,Cf,12J05,1,10,4,4.74,4
2,Cf,12J05,2,10,4,5.18,4.67
2,Cf,12J05,3,10,4,4.26,4.39
2,Cf,12J41,1,10,4,4.76,4.37
2,Cf,12J41,2,10,4,4,4.31
2,Cf,12J41,3,10,4,4.14,4.3
2,Cf,11K11,1,15,4,12.3,11.99
2,Cf,11K11,2,15,4,13.26,12.34
2,Cf,11K11,3,15,4,14.46,13.86
2,Cf,11K17,1,15,4,13.59,12.78
2,Cf,11K17,2,15,4,14.48,15.33
2,Cf,11K17,3,15,4,13.22,13.23
2,Cf,11J23,1,15,4,14.98,14.55
2,Cf,11J23,2,15,4,14.33,14.01
2,Cf,11J23,3,15,4,13.44,13.9
2,Cf,12D46,1,15,4,11.71,9.83
2,Cf,12D46,2,15,4,11.54,10.81
2,Cf,12D46,3,15,4,10.72,10.46
2,Cf,12J05,1,15,4,12.31,12.75
2,Cf,12J05,2,15,4,12.07,11.4
2,Cf,12J05,3,15,4,10.48,10.72
2,Cf,12J41,1,15,4,11.53,11.68
2,Cf,12J41,2,15,4,11.9,11.01
2,Cf,12J41,3,15,4,11.96,12.34
2,Cf,11K11,1,20,4,23.48,22.69
2,Cf,11K11,2,20,4,22.52,22.3
2,Cf,11K11,3,20,4,24.49,23.18
2,Cf,11K17,1,20,4,24.47,24
2,Cf,11K17,2,20,4,24.13,24.78
2,Cf,11K17,3,20,4,24.39,24.77
2,Cf,11J23,1,20,4,24.62,24.15
2,Cf,11J23,2,20,4,24.05,23.74
2,Cf,11J23,3,20,4,24.55,24.26
2,Cf,12D46,1,20,4,21.52,21.81
2,Cf,12D46,2,20,4,21.58,20.84
2,Cf,12D46,3,20,4,21.61,20.79
2,Cf,12J05,1,20,4,20.67,20.2
2,Cf,12J05,2,20,4,21.93,21.77
2,Cf,12J05,3,20,4,21.59,21.46
2,Cf,12J41,1,20,4,20.56,20.36
2,Cf,12J41,2,20,4,21.71,22.05
2,Cf,12J41,3,20,4,21.75,21.13
2,Cf,11K11,1,25,4,25.78,25.51
2,Cf,11K11,2,25,4,27.39,26.91
2,Cf,11K11,3,25,4,28.21,27.8
2,Cf,11K17,1,25,4,27.86,28.19
2,Cf,11K17,2,25,4,27.81,27.57
2,Cf,11K17,3,25,4,27.31,27.18
2,Cf,11J23,1,25,4,27.9,27.53
2,Cf,11J23,2,25,4,28.32,28.04
2,Cf,11J23,3,25,4,28.5,28.65
2,Cf,12D46,1,25,4,26.53,26.86
2,Cf,12D46,2,25,4,26.27,27.33
2,Cf,12D46,3,25,4,27.14,27.11
2,Cf,12J05,1,25,4,26.14,25.46
2,Cf,12J05,2,25,4,27.06,25.56
2,Cf,12J05,3,25,4,25.68,25.86
2,Cf,12J41,1,25,4,26.7,26.78
2,Cf,12J41,2,25,4,27.71,27.09
2,Cf,12J41,3,25,4,25.67,26.15
2,Cf,11K11,1,30,4,17.98,16.77
2,Cf,11K11,2,30,4,16.78,17.21
2,Cf,11K11,3,30,4,17.34,17.3
2,Cf,11K17,1,30,4,17.57,18.05
2,Cf,11K17,2,30,4,18.98,18.52
2,Cf,11K17,3,30,4,18.25,18.15
2,Cf,11J23,1,30,4,18.7,18.35
2,Cf,11J23,2,30,4,18.96,18.82
2,Cf,11J23,3,30,4,18.52,18.65
2,Cf,12D46,1,30,4,18.6,17.91
2,Cf,12D46,2,30,4,18.53,18.68
2,Cf,12D46,3,30,4,17.42,18.49
2,Cf,12J05,1,30,4,17.26,15.56
2,Cf,12J05,2,30,4,16.24,16.65
2,Cf,12J05,3,30,4,15.86,16.08
2,Cf,12J41,1,30,4,16.89,16.46
2,Cf,12J41,2,30,4,16.4,16.58
2,Cf,12J41,3,30,4,16.92,17.33
2,Cf,11K11,1,35,4,4,4
2,Cf,11K11,2,35,4,4,4
2,Cf,11K11,3,35,4,4,4
2,Cf,11K17,1,35,4,4,4
2,Cf,11K17,2,35,4,4,4
2,Cf,11K17,3,35,4,4,4
2,Cf,11J23,1,35,4,4,4
2,Cf,11J23,2,35,4,NA,NA
2,Cf,11J23,3,35,4,NA,NA
2,Cf,12D46,1,35,4,4,4
2,Cf,12D46,2,35,4,4,4
2,Cf,12D46,3,35,4,4,4
2,Cf,12J05,1,35,4,4,4
2,Cf,12J05,2,35,4,4,4
2,Cf,12J05,3,35,4,4,4
2,Cf,12J41,1,35,4,4,4
2,Cf,12J41,2,35,4,4,4
2,Cf,12J41,3,35,4,4,4
2,Cf,11K11,1,10,5,5.83,5.5
2,Cf,11K11,2,10,5,5.23,6.01
2,Cf,11K11,3,10,5,5.26,6.07
2,Cf,11K17,1,10,5,6.51,5.89
2,Cf,11K17,2,10,5,5.02,5.18
2,Cf,11K17,3,10,5,5.55,5.33
2,Cf,11J23,1,10,5,6.33,6.12
2,Cf,11J23,2,10,5,6.32,6.24
2,Cf,11J23,3,10,5,6.89,6.43
2,Cf,12D46,1,10,5,5.08,4.53
2,Cf,12D46,2,10,5,5.32,4.9
2,Cf,12D46,3,10,5,4.99,4.88
2,Cf,12J05,1,10,5,5.32,4.36
2,Cf,12J05,2,10,5,5.35,5.62
2,Cf,12J05,3,10,5,4.82,4.9
2,Cf,12J41,1,10,5,5.34,5.11
2,Cf,12J41,2,10,5,4.95,4.69
2,Cf,12J41,3,10,5,5.1,5.11
2,Cf,11K11,1,15,5,16.02,15.59
2,Cf,11K11,2,15,5,16.4,16.11
2,Cf,11K11,3,15,5,18.48,18.3
2,Cf,11K17,1,15,5,17.35,17.15
2,Cf,11K17,2,15,5,19.19,19.11
2,Cf,11K17,3,15,5,17.28,16.97
2,Cf,11J23,1,15,5,18.38,18.72
2,Cf,11J23,2,15,5,18.46,18.52
2,Cf,11J23,3,15,5,17.78,17.15
2,Cf,12D46,1,15,5,14.67,12.54
2,Cf,12D46,2,15,5,13.52,14.81
2,Cf,12D46,3,15,5,13.84,13.32
2,Cf,12J05,1,15,5,13.02,13.38
2,Cf,12J05,2,15,5,13.63,15.13
2,Cf,12J05,3,15,5,15.41,15.56
2,Cf,12J41,1,15,5,14.27,14.49
2,Cf,12J41,2,15,5,14.81,13.65
2,Cf,12J41,3,15,5,16.27,15.36
2,Cf,11K11,1,20,5,29,29.65
2,Cf,11K11,2,20,5,28.67,28.48
2,Cf,11K11,3,20,5,29.83,31.09
2,Cf,11K17,1,20,5,31.29,30.54
2,Cf,11K17,2,20,5,31.18,30.81
2,Cf,11K17,3,20,5,31.14,31.22
2,Cf,11J23,1,20,5,31.67,30.85
2,Cf,11J23,2,20,5,30.3,30.38
2,Cf,11J23,3,20,5,30.69,30.83
2,Cf,12D46,1,20,5,27.53,27.81
2,Cf,12D46,2,20,5,27.15,27.74
2,Cf,12D46,3,20,5,26.98,28.17
2,Cf,12J05,1,20,5,26.93,26.05
2,Cf,12J05,2,20,5,28.02,27.92
2,Cf,12J05,3,20,5,28.14,27.85
2,Cf,12J41,1,20,5,25.71,26.61
2,Cf,12J41,2,20,5,28.34,27.83
2,Cf,12J41,3,20,5,27.75,27.64
2,Cf,11K11,1,25,5,33.13,32.51
2,Cf,11K11,2,25,5,34.44,34.64
2,Cf,11K11,3,25,5,36.04,35.5
2,Cf,11K17,1,25,5,36.03,36.25
2,Cf,11K17,2,25,5,35.12,35.42
2,Cf,11K17,3,25,5,35.08,35.1
2,Cf,11J23,1,25,5,35,35.57
2,Cf,11J23,2,25,5,35.56,35.78
2,Cf,11J23,3,25,5,35.17,35.66
2,Cf,12D46,1,25,5,34.41,34.49
2,Cf,12D46,2,25,5,33.52,34.68
2,Cf,12D46,3,25,5,34.39,34.48
2,Cf,12J05,1,25,5,32.76,33.23
2,Cf,12J05,2,25,5,34.16,33.15
2,Cf,12J05,3,25,5,33.07,33.46
2,Cf,12J41,1,25,5,34.13,34.08
2,Cf,12J41,2,25,5,35.55,34.49
2,Cf,12J41,3,25,5,33.75,33.35
2,Cf,11K11,1,30,5,22.41,20.93
2,Cf,11K11,2,30,5,21.13,21.64
2,Cf,11K11,3,30,5,21.35,21.96
2,Cf,11K17,1,30,5,21.99,21.48
2,Cf,11K17,2,30,5,23.05,22.62
2,Cf,11K17,3,30,5,22.17,21.91
2,Cf,11J23,1,30,5,22.92,22.55
2,Cf,11J23,2,30,5,22.87,22.92
2,Cf,11J23,3,30,5,22.59,22.6
2,Cf,12D46,1,30,5,21.55,21.69
2,Cf,12D46,2,30,5,22.82,22.41
2,Cf,12D46,3,30,5,21.87,21.89
2,Cf,12J05,1,30,5,21.42,19.37
2,Cf,12J05,2,30,5,20.45,19.86
2,Cf,12J05,3,30,5,20.31,20.26
2,Cf,12J41,1,30,5,20.25,20.01
2,Cf,12J41,2,30,5,21,20.83
2,Cf,12J41,3,30,5,21.05,21.86
2,Cf,11K11,1,35,5,4,4
2,Cf,11K11,2,35,5,4,4
2,Cf,11K11,3,35,5,4,4
2,Cf,11K17,1,35,5,4,4
2,Cf,11K17,2,35,5,4,4
2,Cf,11K17,3,35,5,4,4
2,Cf,11J23,1,35,5,4,4
2,Cf,11J23,2,35,5,NA,NA
2,Cf,11J23,3,35,5,NA,NA
2,Cf,12D46,1,35,5,4,4
2,Cf,12D46,2,35,5,4,4
2,Cf,12D46,3,35,5,4,4
2,Cf,12J05,1,35,5,4,4
2,Cf,12J05,2,35,5,4,4
2,Cf,12J05,3,35,5,4,4
2,Cf,12J41,1,35,5,4,4
2,Cf,12J41,2,35,5,4,4
2,Cf,12J41,3,35,5,4,4
2,Cf,11K11,1,10,6,6.59,6.08
2,Cf,11K11,2,10,6,6.43,7
2,Cf,11K11,3,10,6,6.69,5.79
2,Cf,11K17,1,10,6,7.43,6.87
2,Cf,11K17,2,10,6,6.01,6.15
2,Cf,11K17,3,10,6,6.5,5.72
2,Cf,11J23,1,10,6,7.28,6.88
2,Cf,11J23,2,10,6,7.42,7.35
2,Cf,11J23,3,10,6,7.86,7.59
2,Cf,12D46,1,10,6,5.66,4.85
2,Cf,12D46,2,10,6,5.93,5.81
2,Cf,12D46,3,10,6,5.47,4.99
2,Cf,12J05,1,10,6,5.45,4.52
2,Cf,12J05,2,10,6,6.38,6.02
2,Cf,12J05,3,10,6,5.72,5.64
2,Cf,12J41,1,10,6,6.09,5.85
2,Cf,12J41,2,10,6,5.11,5.32
2,Cf,12J41,3,10,6,5.71,5.5
2,Cf,11K11,1,15,6,19.87,18.89
2,Cf,11K11,2,15,6,20.58,20.49
2,Cf,11K11,3,15,6,21.79,21.99
2,Cf,11K17,1,15,6,21.93,21.28
2,Cf,11K17,2,15,6,23.87,23.5
2,Cf,11K17,3,15,6,21.67,21.37
2,Cf,11J23,1,15,6,22.21,22.43
2,Cf,11J23,2,15,6,22.03,22.11
2,Cf,11J23,3,15,6,21.1,21.91
2,Cf,12D46,1,15,6,18.05,16.03
2,Cf,12D46,2,15,6,18.15,17.6
2,Cf,12D46,3,15,6,18.59,17.03
2,Cf,12J05,1,15,6,16.2,16.25
2,Cf,12J05,2,15,6,17.61,16.84
2,Cf,12J05,3,15,6,19.08,19.06
2,Cf,12J41,1,15,6,17.43,17.36
2,Cf,12J41,2,15,6,17.5,16.35
2,Cf,12J41,3,15,6,19.7,18.24
2,Cf,11K11,1,20,6,36.28,36.25
2,Cf,11K11,2,20,6,35.05,34.81
2,Cf,11K11,3,20,6,36.77,37.56
2,Cf,11K17,1,20,6,38.13,37.19
2,Cf,11K17,2,20,6,37.25,37.87
2,Cf,11K17,3,20,6,37.34,37.44
2,Cf,11J23,1,20,6,38.19,37.79
2,Cf,11J23,2,20,6,36.63,36.87
2,Cf,11J23,3,20,6,37.52,37.59
2,Cf,12D46,1,20,6,35.14,34.77
2,Cf,12D46,2,20,6,33.82,34.64
2,Cf,12D46,3,20,6,33.88,33.78
2,Cf,12J05,1,20,6,33.54,33.24
2,Cf,12J05,2,20,6,34.33,34.55
2,Cf,12J05,3,20,6,34.23,34.64
2,Cf,12J41,1,20,6,32.43,32.3
2,Cf,12J41,2,20,6,34.69,35.01
2,Cf,12J41,3,20,6,34.18,34.53
2,Cf,11K11,1,25,6,40.02,40.6
2,Cf,11K11,2,25,6,42.16,41.58
2,Cf,11K11,3,25,6,42.81,43.06
2,Cf,11K17,1,25,6,43.23,43.88
2,Cf,11K17,2,25,6,42.66,43.03
2,Cf,11K17,3,25,6,42.59,42.87
2,Cf,11J23,1,25,6,42.88,43.53
2,Cf,11J23,2,25,6,43.25,43.23
2,Cf,11J23,3,25,6,43.7,44.09
2,Cf,12D46,1,25,6,41.86,41.63
2,Cf,12D46,2,25,6,41.45,41.47
2,Cf,12D46,3,25,6,42.03,42.28
2,Cf,12J05,1,25,6,40.75,40.58
2,Cf,12J05,2,25,6,41.91,41.97
2,Cf,12J05,3,25,6,40.68,40.47
2,Cf,12J41,1,25,6,41.24,41.39
2,Cf,12J41,2,25,6,42.58,43.36
2,Cf,12J41,3,25,6,41.08,41.1
2,Cf,11K11,1,30,6,26.44,24.92
2,Cf,11K11,2,30,6,25.25,26.04
2,Cf,11K11,3,30,6,25.99,25.09
2,Cf,11K17,1,30,6,25.64,25.14
2,Cf,11K17,2,30,6,26.78,26.76
2,Cf,11K17,3,30,6,26.02,26.04
2,Cf,11J23,1,30,6,26.32,26.18
2,Cf,11J23,2,30,6,26.93,26.39
2,Cf,11J23,3,30,6,26.4,26.2
2,Cf,12D46,1,30,6,25.58,25.62
2,Cf,12D46,2,30,6,26.33,26.11
2,Cf,12D46,3,30,6,25.65,26.19
2,Cf,12J05,1,30,6,25.11,22.88
2,Cf,12J05,2,30,6,24.16,23.31
2,Cf,12J05,3,30,6,24.58,24.19
2,Cf,12J41,1,30,6,24.06,23.58
2,Cf,12J41,2,30,6,24.01,24.02
2,Cf,12J41,3,30,6,24.18,23.82
2,Cf,11K11,1,35,6,4,4
2,Cf,11K11,2,35,6,4,4
2,Cf,11K11,3,35,6,4,4
2,Cf,11K17,1,35,6,4,4
2,Cf,11K17,2,35,6,4,4
2,Cf,11K17,3,35,6,4,4
2,Cf,11J23,1,35,6,4,4
2,Cf,11J23,2,35,6,4,4
2,Cf,11J23,3,35,6,NA,NA
2,Cf,12D46,1,35,6,NA,NA
2,Cf,12D46,2,35,6,4,4
2,Cf,12D46,3,35,6,4,4
2,Cf,12J05,1,35,6,4,4
2,Cf,12J05,2,35,6,4,4
2,Cf,12J05,3,35,6,4,4
2,Cf,12J41,1,35,6,4,4
2,Cf,12J41,2,35,6,4,4
2,Cf,12J41,3,35,6,4,4
2,Cf,11K11,1,10,7,7.7,7.2
2,Cf,11K11,2,10,7,7.86,7.05
2,Cf,11K11,3,10,7,7.74,6.3
2,Cf,11K17,1,10,7,8.2,8.03
2,Cf,11K17,2,10,7,7.05,6.98
2,Cf,11K17,3,10,7,7.05,6.64
2,Cf,11J23,1,10,7,7.73,7.49
2,Cf,11J23,2,10,7,8.28,8.49
2,Cf,11J23,3,10,7,8.75,8.28
2,Cf,12D46,1,10,7,5.14,5.72
2,Cf,12D46,2,10,7,6.79,6.85
2,Cf,12D46,3,10,7,6.3,5.29
2,Cf,12J05,1,10,7,6.04,5.03
2,Cf,12J05,2,10,7,6.94,6.9
2,Cf,12J05,3,10,7,6.42,6.47
2,Cf,12J41,1,10,7,6.92,6.4
2,Cf,12J41,2,10,7,6.57,5.73
2,Cf,12J41,3,10,7,6.5,6.54
2,Cf,11K11,1,15,7,23.17,22.13
2,Cf,11K11,2,15,7,23.63,24.04
2,Cf,11K11,3,15,7,25.85,25.7
2,Cf,11K17,1,15,7,24.39,25.08
2,Cf,11K17,2,15,7,27.04,26.93
2,Cf,11K17,3,15,7,25.45,24.96
2,Cf,11J23,1,15,7,26.49,26.17
2,Cf,11J23,2,15,7,26.02,25.88
2,Cf,11J23,3,15,7,25.2,25.12
2,Cf,12D46,1,15,7,21.14,18.81
2,Cf,12D46,2,15,7,21.72,20.85
2,Cf,12D46,3,15,7,21.8,20.38
2,Cf,12J05,1,15,7,18.82,18.91
2,Cf,12J05,2,15,7,20.53,19.84
2,Cf,12J05,3,15,7,21.94,21.61
2,Cf,12J41,1,15,7,19.99,20.05
2,Cf,12J41,2,15,7,19.95,20.22
2,Cf,12J41,3,15,7,22.79,21.49
2,Cf,11K11,1,20,7,41.89,42.05
2,Cf,11K11,2,20,7,41.34,40.77
2,Cf,11K11,3,20,7,43.75,42.38
2,Cf,11K17,1,20,7,43.2,44.29
2,Cf,11K17,2,20,7,44.23,43.66
2,Cf,11K17,3,20,7,43.84,43.88
2,Cf,11J23,1,20,7,44.27,44.02
2,Cf,11J23,2,20,7,42.65,42.73
2,Cf,11J23,3,20,7,42.72,43.9
2,Cf,12D46,1,20,7,41.14,40.51
2,Cf,12D46,2,20,7,40.03,40.22
2,Cf,12D46,3,20,7,40.19,39.97
2,Cf,12J05,1,20,7,39.2,38.18
2,Cf,12J05,2,20,7,40.2,40.34
2,Cf,12J05,3,20,7,40.67,40.53
2,Cf,12J41,1,20,7,39.13,38.26
2,Cf,12J41,2,20,7,40.8,40.44
2,Cf,12J41,3,20,7,40.03,40.37
2,Cf,11K11,1,25,7,47.77,47.31
2,Cf,11K11,2,25,7,48.81,48.65
2,Cf,11K11,3,25,7,49.98,50.15
2,Cf,11K17,1,25,7,50.31,50.45
2,Cf,11K17,2,25,7,49.68,49.71
2,Cf,11K17,3,25,7,49.16,49.62
2,Cf,11J23,1,25,7,49.99,49.78
2,Cf,11J23,2,25,7,50.19,50.17
2,Cf,11J23,3,25,7,50.81,50.71
2,Cf,12D46,1,25,7,48,48.55
2,Cf,12D46,2,25,7,47.86,48.75
2,Cf,12D46,3,25,7,49.38,49.13
2,Cf,12J05,1,25,7,47.09,47.73
2,Cf,12J05,2,25,7,48.38,48.59
2,Cf,12J05,3,25,7,47.3,47.38
2,Cf,12J41,1,25,7,48.48,48.73
2,Cf,12J41,2,25,7,49.5,49.72
2,Cf,12J41,3,25,7,47.67,47.77
2,Cf,11K11,1,30,7,30.19,28.49
2,Cf,11K11,2,30,7,29.52,28.67
2,Cf,11K11,3,30,7,28.67,29.51
2,Cf,11K17,1,30,7,28.48,29.05
2,Cf,11K17,2,30,7,30.19,30.42
2,Cf,11K17,3,30,7,28.91,29.64
2,Cf,11J23,1,30,7,29.7,29.6
2,Cf,11J23,2,30,7,30.16,30
2,Cf,11J23,3,30,7,29.15,29.45
2,Cf,12D46,1,30,7,29.39,29.09
2,Cf,12D46,2,30,7,29.79,29.82
2,Cf,12D46,3,30,7,28.22,28.52
2,Cf,12J05,1,30,7,28.26,26.04
2,Cf,12J05,2,30,7,27.42,27.32
2,Cf,12J05,3,30,7,27.9,27.62
2,Cf,12J41,1,30,7,26.89,27.23
2,Cf,12J41,2,30,7,26.64,26.62
2,Cf,12J41,3,30,7,27.12,27.27
2,Cf,11K11,1,35,7,4,4
2,Cf,11K11,2,35,7,4,4
2,Cf,11K11,3,35,7,4,4
2,Cf,11K17,1,35,7,4,4
2,Cf,11K17,2,35,7,4,4
2,Cf,11K17,3,35,7,4,4
2,Cf,11J23,1,35,7,4,4
2,Cf,11J23,2,35,7,NA,NA
2,Cf,11J23,3,35,7,NA,NA
2,Cf,12D46,1,35,7,4,4
2,Cf,12D46,2,35,7,4,4
2,Cf,12D46,3,35,7,4,4
2,Cf,12J05,1,35,7,4,4
2,Cf,12J05,2,35,7,4,4
2,Cf,12J05,3,35,7,4,4
2,Cf,12J41,1,35,7,4,4
2,Cf,12J41,2,35,7,4,4
2,Cf,12J41,3,35,7,4,4
3,Cf,11K11,1,10,1,4,4
3,Cf,11K11,2,10,1,4,4
3,Cf,11K11,3,10,1,4,4
3,Cf,11K17,1,10,1,4,4
3,Cf,11K17,2,10,1,4,4
3,Cf,11K17,3,10,1,4,4
3,Cf,11J23,1,10,1,4,4
3,Cf,11J23,2,10,1,4,4
3,Cf,11J23,3,10,1,4,4
3,Cf,12D46,1,10,1,4,4
3,Cf,12D46,2,10,1,4,4
3,Cf,12D46,3,10,1,4,4
3,Cf,12J05,1,10,1,4,4
3,Cf,12J05,2,10,1,4,4
3,Cf,12J05,3,10,1,4,4
3,Cf,12J41,1,10,1,4,4
3,Cf,12J41,2,10,1,4,4
3,Cf,12J41,3,10,1,4,4
3,Cf,11K11,1,15,1,4,4
3,Cf,11K11,2,15,1,4,4
3,Cf,11K11,3,15,1,4,4
3,Cf,11K17,1,15,1,4,4
3,Cf,11K17,2,15,1,4,4
3,Cf,11K17,3,15,1,4,4
3,Cf,11J23,1,15,1,4,4.11
3,Cf,11J23,2,15,1,4,4.06
3,Cf,11J23,3,15,1,4,4
3,Cf,12D46,1,15,1,4,4.05
3,Cf,12D46,2,15,1,4.01,4.1
3,Cf,12D46,3,15,1,4,4
3,Cf,12J05,1,15,1,4,4
3,Cf,12J05,2,15,1,4,4
3,Cf,12J05,3,15,1,4,4
3,Cf,12J41,1,15,1,4,4
3,Cf,12J41,2,15,1,4,4
3,Cf,12J41,3,15,1,4.27,4
3,Cf,11K11,1,20,1,4.61,4.52
3,Cf,11K11,2,20,1,4,4.41
3,Cf,11K11,3,20,1,4.56,4.2
3,Cf,11K17,1,20,1,4.28,4.34
3,Cf,11K17,2,20,1,4.32,4.08
3,Cf,11K17,3,20,1,4.51,4.37
3,Cf,11J23,1,20,1,4.32,4.1
3,Cf,11J23,2,20,1,4,4.17
3,Cf,11J23,3,20,1,4.24,4.16
3,Cf,12D46,1,20,1,4.04,4.03
3,Cf,12D46,2,20,1,4.36,4.32
3,Cf,12D46,3,20,1,4.44,4.34
3,Cf,12J05,1,20,1,4,4
3,Cf,12J05,2,20,1,4,4.17
3,Cf,12J05,3,20,1,4,4
3,Cf,12J41,1,20,1,4,4
3,Cf,12J41,2,20,1,4,4
3,Cf,12J41,3,20,1,4.67,4.37
3,Cf,11K11,1,25,1,4.46,4.64
3,Cf,11K11,2,25,1,4.22,4.42
3,Cf,11K11,3,25,1,4.72,4.55
3,Cf,11K17,1,25,1,4.38,4.1
3,Cf,11K17,2,25,1,4.53,4.12
3,Cf,11K17,3,25,1,4.6,4.55
3,Cf,11J23,1,25,1,5.03,4.56
3,Cf,11J23,2,25,1,5.71,5.34
3,Cf,11J23,3,25,1,4.62,4.95
3,Cf,12D46,1,25,1,5.15,5.11
3,Cf,12D46,2,25,1,6.97,5.96
3,Cf,12D46,3,25,1,6.06,6.09
3,Cf,12J05,1,25,1,4.96,4.2
3,Cf,12J05,2,25,1,4.92,4.65
3,Cf,12J05,3,25,1,4.46,4.19
3,Cf,12J41,1,25,1,5.74,5.25
3,Cf,12J41,2,25,1,4.81,4.63
3,Cf,12J41,3,25,1,5.19,4.88
3,Cf,11K11,1,30,1,4.24,4.02
3,Cf,11K11,2,30,1,4,4.06
3,Cf,11K11,3,30,1,4.22,4.36
3,Cf,11K17,1,30,1,4.12,4.07
3,Cf,11K17,2,30,1,4.12,4.09
3,Cf,11K17,3,30,1,4.28,4.19
3,Cf,11J23,1,30,1,4.29,4.53
3,Cf,11J23,2,30,1,4.61,4.39
3,Cf,11J23,3,30,1,4.68,4.18
3,Cf,12D46,1,30,1,5.01,4.84
3,Cf,12D46,2,30,1,4.66,4.61
3,Cf,12D46,3,30,1,5.07,4.6
3,Cf,12J05,1,30,1,4.37,4.23
3,Cf,12J05,2,30,1,4.36,4.06
3,Cf,12J05,3,30,1,4,4
3,Cf,12J41,1,30,1,4.34,4.31
3,Cf,12J41,2,30,1,4.02,4.11
3,Cf,12J41,3,30,1,4.62,4.22
3,Cf,11K11,1,35,1,4,4
3,Cf,11K11,2,35,1,4,4
3,Cf,11K11,3,35,1,4,4
3,Cf,11K17,1,35,1,4,4
3,Cf,11K17,2,35,1,4,4
3,Cf,11K17,3,35,1,4,4
3,Cf,11J23,1,35,1,4,4
3,Cf,11J23,2,35,1,4,4
3,Cf,11J23,3,35,1,4,4
3,Cf,12D46,1,35,1,4,4
3,Cf,12D46,2,35,1,4,4
3,Cf,12D46,3,35,1,4,4
3,Cf,12J05,1,35,1,4,4
3,Cf,12J05,2,35,1,4,4
3,Cf,12J05,3,35,1,4,4
3,Cf,12J41,1,35,1,4,4
3,Cf,12J41,2,35,1,4,4
3,Cf,12J41,3,35,1,4,4
3,Cf,11K11,1,10,2,4,4.13
3,Cf,11K11,2,10,2,4.46,4.18
3,Cf,11K11,3,10,2,4.38,4.34
3,Cf,11K17,1,10,2,4,4.03
3,Cf,11K17,2,10,2,4,4
3,Cf,11K17,3,10,2,4,4
3,Cf,11J23,1,10,2,4,4.05
3,Cf,11J23,2,10,2,4,4
3,Cf,11J23,3,10,2,4,4.3
3,Cf,12D46,1,10,2,4.25,4.02
3,Cf,12D46,2,10,2,4,4.01
3,Cf,12D46,3,10,2,4,4
3,Cf,12J05,1,10,2,4,4
3,Cf,12J05,2,10,2,4,4
3,Cf,12J05,3,10,2,4,4
3,Cf,12J41,1,10,2,4,4
3,Cf,12J41,2,10,2,4,4
3,Cf,12J41,3,10,2,4,4
3,Cf,11K11,1,15,2,4.21,4.45
3,Cf,11K11,2,15,2,4.76,4.49
3,Cf,11K11,3,15,2,4.7,4.4
3,Cf,11K17,1,15,2,4.4,4.26
3,Cf,11K17,2,15,2,4.2,4.62
3,Cf,11K17,3,15,2,4.46,4.79
3,Cf,11J23,1,15,2,4.69,4.29
3,Cf,11J23,2,15,2,4.41,4.67
3,Cf,11J23,3,15,2,4.62,4.51
3,Cf,12D46,1,15,2,5.78,5
3,Cf,12D46,2,15,2,5.49,5.32
3,Cf,12D46,3,15,2,4.86,4.72
3,Cf,12J05,1,15,2,4.25,4.07
3,Cf,12J05,2,15,2,4.44,4.76
3,Cf,12J05,3,15,2,5.01,4.27
3,Cf,12J41,1,15,2,5.15,4.6
3,Cf,12J41,2,15,2,4.37,4.19
3,Cf,12J41,3,15,2,4.04,4.14
3,Cf,11K11,1,20,2,8.19,7.95
3,Cf,11K11,2,20,2,6.12,4.7
3,Cf,11K11,3,20,2,8.17,6.93
3,Cf,11K17,1,20,2,8.66,8.3
3,Cf,11K17,2,20,2,7.9,8.37
3,Cf,11K17,3,20,2,8.26,7.13
3,Cf,11J23,1,20,2,8.39,7.48
3,Cf,11J23,2,20,2,6.87,6.98
3,Cf,11J23,3,20,2,9.1,8.67
3,Cf,12D46,1,20,2,6.91,8.22
3,Cf,12D46,2,20,2,8.62,9.11
3,Cf,12D46,3,20,2,9.66,7.86
3,Cf,12J05,1,20,2,6.16,6.14
3,Cf,12J05,2,20,2,5.43,5.67
3,Cf,12J05,3,20,2,7.97,6.39
3,Cf,12J41,1,20,2,6.3,6.23
3,Cf,12J41,2,20,2,5.25,4.88
3,Cf,12J41,3,20,2,6.97,6.26
3,Cf,11K11,1,25,2,10.53,9.51
3,Cf,11K11,2,25,2,10.85,9.63
3,Cf,11K11,3,25,2,9.34,8.89
3,Cf,11K17,1,25,2,10.92,10.21
3,Cf,11K17,2,25,2,10.59,8.68
3,Cf,11K17,3,25,2,9.9,9.27
3,Cf,11J23,1,25,2,11.76,10.63
3,Cf,11J23,2,25,2,11.84,11.47
3,Cf,11J23,3,25,2,10.12,10.45
3,Cf,12D46,1,25,2,10.9,11.22
3,Cf,12D46,2,25,2,13.67,12.02
3,Cf,12D46,3,25,2,12.19,13.2
3,Cf,12J05,1,25,2,10.43,9.81
3,Cf,12J05,2,25,2,10.79,11.22
3,Cf,12J05,3,25,2,10.2,10.14
3,Cf,12J41,1,25,2,11.69,11.16
3,Cf,12J41,2,25,2,9,8.41
3,Cf,12J41,3,25,2,11.09,9.53
3,Cf,11K11,1,30,2,7.81,6.12
3,Cf,11K11,2,30,2,6.64,8.34
3,Cf,11K11,3,30,2,5.92,6.05
3,Cf,11K17,1,30,2,6.81,5.48
3,Cf,11K17,2,30,2,4.93,5.07
3,Cf,11K17,3,30,2,5.47,4.96
3,Cf,11J23,1,30,2,7.73,5.13
3,Cf,11J23,2,30,2,7.6,9.56
3,Cf,11J23,3,30,2,9.27,7.86
3,Cf,12D46,1,30,2,9.65,8.57
3,Cf,12D46,2,30,2,10.27,9.5
3,Cf,12D46,3,30,2,10.07,7.91
3,Cf,12J05,1,30,2,6.35,6.88
3,Cf,12J05,2,30,2,6.97,6.88
3,Cf,12J05,3,30,2,6.98,6.54
3,Cf,12J41,1,30,2,9.51,7.77
3,Cf,12J41,2,30,2,5.52,5.42
3,Cf,12J41,3,30,2,5.53,5.26
3,Cf,11K11,1,35,2,4,4
3,Cf,11K11,2,35,2,4,4
3,Cf,11K11,3,35,2,4,4
3,Cf,11K17,1,35,2,4,4
3,Cf,11K17,2,35,2,4,4
3,Cf,11K17,3,35,2,4,4
3,Cf,11J23,1,35,2,4,4
3,Cf,11J23,2,35,2,4,4
3,Cf,11J23,3,35,2,4,4
3,Cf,12D46,1,35,2,4,4
3,Cf,12D46,2,35,2,4,4
3,Cf,12D46,3,35,2,4,4
3,Cf,12J05,1,35,2,4,4
3,Cf,12J05,2,35,2,4,4
3,Cf,12J05,3,35,2,4,4
3,Cf,12J41,1,35,2,4,4
3,Cf,12J41,2,35,2,4,4
3,Cf,12J41,3,35,2,4,4
3,Cf,11K11,1,10,3,4.64,4.45
3,Cf,11K11,2,10,3,4.5,4.55
3,Cf,11K11,3,10,3,5.39,4.91
3,Cf,11K17,1,10,3,4.51,4.38
3,Cf,11K17,2,10,3,4.91,4.54
3,Cf,11K17,3,10,3,4.99,4.73
3,Cf,11J23,1,10,3,4.75,4.6
3,Cf,11J23,2,10,3,4.35,4.32
3,Cf,11J23,3,10,3,4.23,4.41
3,Cf,12D46,1,10,3,4.84,4.4
3,Cf,12D46,2,10,3,4.53,4.34
3,Cf,12D46,3,10,3,4.61,4.13
3,Cf,12J05,1,10,3,4.47,4.68
3,Cf,12J05,2,10,3,5.13,4.25
3,Cf,12J05,3,10,3,4.63,4.23
3,Cf,12J41,1,10,3,4.59,4.48
3,Cf,12J41,2,10,3,4.44,4.36
3,Cf,12J41,3,10,3,4.42,4
3,Cf,11K11,1,15,3,5.36,4.15
3,Cf,11K11,2,15,3,5.44,5.45
3,Cf,11K11,3,15,3,6.36,6.6
3,Cf,11K17,1,15,3,5.8,5.99
3,Cf,11K17,2,15,3,6.06,5.85
3,Cf,11K17,3,15,3,5.69,5.99
3,Cf,11J23,1,15,3,5.6,4.97
3,Cf,11J23,2,15,3,5.64,5.59
3,Cf,11J23,3,15,3,6.29,6.8
3,Cf,12D46,1,15,3,8.77,7.96
3,Cf,12D46,2,15,3,6.6,6.21
3,Cf,12D46,3,15,3,5.92,6.19
3,Cf,12J05,1,15,3,4.72,4.53
3,Cf,12J05,2,15,3,5.63,6.22
3,Cf,12J05,3,15,3,6.65,5.02
3,Cf,12J41,1,15,3,6.12,5.3
3,Cf,12J41,2,15,3,4.53,4.75
3,Cf,12J41,3,15,3,5.62,5.57
3,Cf,11K11,1,20,3,11.73,11.48
3,Cf,11K11,2,20,3,9.22,7.4
3,Cf,11K11,3,20,3,10.8,10.71
3,Cf,11K17,1,20,3,14.37,12.77
3,Cf,11K17,2,20,3,11.89,12.52
3,Cf,11K17,3,20,3,10.88,12.76
3,Cf,11J23,1,20,3,12.79,12.04
3,Cf,11J23,2,20,3,10.84,9.7
3,Cf,11J23,3,20,3,13.92,13.37
3,Cf,12D46,1,20,3,10.92,12.37
3,Cf,12D46,2,20,3,13.22,14.12
3,Cf,12D46,3,20,3,14.13,11.57
3,Cf,12J05,1,20,3,9.66,9.71
3,Cf,12J05,2,20,3,7.65,7.7
3,Cf,12J05,3,20,3,11.96,11.22
3,Cf,12J41,1,20,3,10.62,10.07
3,Cf,12J41,2,20,3,8.13,6.76
3,Cf,12J41,3,20,3,11.33,10.85
3,Cf,11K11,1,25,3,15.85,15.24
3,Cf,11K11,2,25,3,16.56,15.19
3,Cf,11K11,3,25,3,16.06,15.66
3,Cf,11K17,1,25,3,16.68,16.25
3,Cf,11K17,2,25,3,14.22,16.25
3,Cf,11K17,3,25,3,16.01,15.19
3,Cf,11J23,1,25,3,17.72,16.5
3,Cf,11J23,2,25,3,17.39,17.49
3,Cf,11J23,3,25,3,15.78,16.09
3,Cf,12D46,1,25,3,15.57,17.03
3,Cf,12D46,2,25,3,18.86,17.9
3,Cf,12D46,3,25,3,19.02,19.14
3,Cf,12J05,1,25,3,16.1,16.43
3,Cf,12J05,2,25,3,17.17,16.61
3,Cf,12J05,3,25,3,15.55,15.62
3,Cf,12J41,1,25,3,16.7,16.52
3,Cf,12J41,2,25,3,14.32,14.75
3,Cf,12J41,3,25,3,17.15,16.36
3,Cf,11K11,1,30,3,11.98,10.55
3,Cf,11K11,2,30,3,12.32,10.69
3,Cf,11K11,3,30,3,9.85,9.4
3,Cf,11K17,1,30,3,10.36,9.64
3,Cf,11K17,2,30,3,8.19,7.29
3,Cf,11K17,3,30,3,9.01,7.45
3,Cf,11J23,1,30,3,11.97,8.88
3,Cf,11J23,2,30,3,13.76,12.01
3,Cf,11J23,3,30,3,13.26,12.23
3,Cf,12D46,1,30,3,13.67,12.39
3,Cf,12D46,2,30,3,14.5,13.64
3,Cf,12D46,3,30,3,13.88,11.8
3,Cf,12J05,1,30,3,11.09,10.57
3,Cf,12J05,2,30,3,10.06,11.83
3,Cf,12J05,3,30,3,10.94,10.37
3,Cf,12J41,1,30,3,13.14,12.01
3,Cf,12J41,2,30,3,9.74,9.56
3,Cf,12J41,3,30,3,6.8,5.75
3,Cf,11K11,1,35,3,4,4
3,Cf,11K11,2,35,3,4,4
3,Cf,11K11,3,35,3,4,4
3,Cf,11K17,1,35,3,4,4
3,Cf,11K17,2,35,3,4,4
3,Cf,11K17,3,35,3,4,4
3,Cf,11J23,1,35,3,4,4
3,Cf,11J23,2,35,3,4,4
3,Cf,11J23,3,35,3,4,4
3,Cf,12D46,1,35,3,4,4
3,Cf,12D46,2,35,3,4,4
3,Cf,12D46,3,35,3,4,4
3,Cf,12J05,1,35,3,4,4
3,Cf,12J05,2,35,3,4,4
3,Cf,12J05,3,35,3,4,4
3,Cf,12J41,1,35,3,4,4
3,Cf,12J41,2,35,3,4,4
3,Cf,12J41,3,35,3,4,4
3,Cf,11K11,1,10,4,4.65,4.72
3,Cf,11K11,2,10,4,4.8,5.09
3,Cf,11K11,3,10,4,5.66,5.16
3,Cf,11K17,1,10,4,5,4.87
3,Cf,11K17,2,10,4,5.17,5.29
3,Cf,11K17,3,10,4,5.44,5.33
3,Cf,11J23,1,10,4,5.77,5.22
3,Cf,11J23,2,10,4,5.13,5.2
3,Cf,11J23,3,10,4,5.63,5.04
3,Cf,12D46,1,10,4,5.97,5.07
3,Cf,12D46,2,10,4,5.5,5.14
3,Cf,12D46,3,10,4,5.37,4.77
3,Cf,12J05,1,10,4,5.22,5.31
3,Cf,12J05,2,10,4,5.36,4.81
3,Cf,12J05,3,10,4,5.05,5.18
3,Cf,12J41,1,10,4,5.13,5
3,Cf,12J41,2,10,4,5.04,5.19
3,Cf,12J41,3,10,4,5.17,5.25
3,Cf,11K11,1,15,4,6.14,6.62
3,Cf,11K11,2,15,4,8.68,8.37
3,Cf,11K11,3,15,4,10.53,10.12
3,Cf,11K17,1,15,4,9.24,9.52
3,Cf,11K17,2,15,4,9.39,9.18
3,Cf,11K17,3,15,4,9.24,9.02
3,Cf,11J23,1,15,4,8.7,7.68
3,Cf,11J23,2,15,4,8.31,7.72
3,Cf,11J23,3,15,4,9.62,9.08
3,Cf,12D46,1,15,4,12.75,12
3,Cf,12D46,2,15,4,9.59,9.02
3,Cf,12D46,3,15,4,10.39,9.18
3,Cf,12J05,1,15,4,7.21,6.19
3,Cf,12J05,2,15,4,9.09,8.3
3,Cf,12J05,3,15,4,9.66,8.64
3,Cf,12J41,1,15,4,8.57,9.2
3,Cf,12J41,2,15,4,6.65,7.91
3,Cf,12J41,3,15,4,9.24,9.59
3,Cf,11K11,1,20,4,19.15,19.1
3,Cf,11K11,2,20,4,16.23,13.31
3,Cf,11K11,3,20,4,18.03,16.62
3,Cf,11K17,1,20,4,22.08,20.8
3,Cf,11K17,2,20,4,20.55,20.16
3,Cf,11K17,3,20,4,20.75,21.16
3,Cf,11J23,1,20,4,20.15,19.62
3,Cf,11J23,2,20,4,18.4,16.89
3,Cf,11J23,3,20,4,21.12,21.01
3,Cf,12D46,1,20,4,19.66,17.12
3,Cf,12D46,2,20,4,21.29,20.68
3,Cf,12D46,3,20,4,21.77,19.7
3,Cf,12J05,1,20,4,16.21,16.87
3,Cf,12J05,2,20,4,14.14,12.69
3,Cf,12J05,3,20,4,19.49,17.97
3,Cf,12J41,1,20,4,17.35,16.81
3,Cf,12J41,2,20,4,14.49,13.45
3,Cf,12J41,3,20,4,18.54,17.69
3,Cf,11K11,1,25,4,26.39,25.44
3,Cf,11K11,2,25,4,26.04,26.15
3,Cf,11K11,3,25,4,25.31,25.46
3,Cf,11K17,1,25,4,26.96,26.5
3,Cf,11K17,2,25,4,23.58,26.39
3,Cf,11K17,3,25,4,25.94,24.95
3,Cf,11J23,1,25,4,26.8,27.84
3,Cf,11J23,2,25,4,28.24,27.82
3,Cf,11J23,3,25,4,25.95,25.49
3,Cf,12D46,1,25,4,26.88,NA
3,Cf,12D46,2,25,4,29.92,28.54
3,Cf,12D46,3,25,4,29.17,29.45
3,Cf,12J05,1,25,4,26.72,26.03
3,Cf,12J05,2,25,4,26.57,27.38
3,Cf,12J05,3,25,4,25,25.87
3,Cf,12J41,1,25,4,27.23,27.05
3,Cf,12J41,2,25,4,24.42,23.56
3,Cf,12J41,3,25,4,27.13,25.66
3,Cf,11K11,1,30,4,18.86,17.64
3,Cf,11K11,2,30,4,19.7,18.11
3,Cf,11K11,3,30,4,16.33,16.6
3,Cf,11K17,1,30,4,16.56,16.59
3,Cf,11K17,2,30,4,15,14.68
3,Cf,11K17,3,30,4,15.51,14.64
3,Cf,11J23,1,30,4,18.97,15.97
3,Cf,11J23,2,30,4,20.7,18.94
3,Cf,11J23,3,30,4,20.22,18.99
3,Cf,12D46,1,30,4,20.13,18.29
3,Cf,12D46,2,30,4,21.15,20.38
3,Cf,12D46,3,30,4,20.21,18.67
3,Cf,12J05,1,30,4,17.18,16.74
3,Cf,12J05,2,30,4,17.94,15.97
3,Cf,12J05,3,30,4,16.44,17.02
3,Cf,12J41,1,30,4,19.77,18.05
3,Cf,12J41,2,30,4,16.09,16.08
3,Cf,12J41,3,30,4,15.27,11.76
3,Cf,11K11,1,35,4,4,4
3,Cf,11K11,2,35,4,4,4
3,Cf,11K11,3,35,4,4,4
3,Cf,11K17,1,35,4,4,4
3,Cf,11K17,2,35,4,4,4
3,Cf,11K17,3,35,4,4,4
3,Cf,11J23,1,35,4,4,4
3,Cf,11J23,2,35,4,4,4
3,Cf,11J23,3,35,4,4,4
3,Cf,12D46,1,35,4,4,4
3,Cf,12D46,2,35,4,4,4
3,Cf,12D46,3,35,4,4,4
3,Cf,12J05,1,35,4,4,4
3,Cf,12J05,2,35,4,4,4
3,Cf,12J05,3,35,4,4,4
3,Cf,12J41,1,35,4,4,4
3,Cf,12J41,2,35,4,4,4
3,Cf,12J41,3,35,4,4,4
3,Cf,11K11,1,10,5,4.97,4.88
3,Cf,11K11,2,10,5,4.89,5.17
3,Cf,11K11,3,10,5,6.26,5.41
3,Cf,11K17,1,10,5,5.08,5.51
3,Cf,11K17,2,10,5,5.59,5.49
3,Cf,11K17,3,10,5,5.17,5.4
3,Cf,11J23,1,10,5,6.14,6.03
3,Cf,11J23,2,10,5,5.63,5.56
3,Cf,11J23,3,10,5,5.04,5.51
3,Cf,12D46,1,10,5,5.83,4.75
3,Cf,12D46,2,10,5,5.53,5.77
3,Cf,12D46,3,10,5,5.03,5.52
3,Cf,12J05,1,10,5,5.98,5.56
3,Cf,12J05,2,10,5,6.03,5.26
3,Cf,12J05,3,10,5,4.98,5.29
3,Cf,12J41,1,10,5,5,5.35
3,Cf,12J41,2,10,5,5.04,4.87
3,Cf,12J41,3,10,5,5.44,5.06
3,Cf,11K11,1,15,5,7.64,7.75
3,Cf,11K11,2,15,5,10.34,10.01
3,Cf,11K11,3,15,5,11.65,11.96
3,Cf,11K17,1,15,5,10.69,10.71
3,Cf,11K17,2,15,5,10.67,10.58
3,Cf,11K17,3,15,5,10.88,9.94
3,Cf,11J23,1,15,5,10.22,8.98
3,Cf,11J23,2,15,5,9.76,9.36
3,Cf,11J23,3,15,5,10.81,10.16
3,Cf,12D46,1,15,5,14.93,13.86
3,Cf,12D46,2,15,5,10.48,10.17
3,Cf,12D46,3,15,5,11.84,10.66
3,Cf,12J05,1,15,5,8.52,7.73
3,Cf,12J05,2,15,5,10.21,10.19
3,Cf,12J05,3,15,5,11.71,10.23
3,Cf,12J41,1,15,5,10.6,10.78
3,Cf,12J41,2,15,5,9.23,8.13
3,Cf,12J41,3,15,5,11.08,11.12
3,Cf,11K11,1,20,5,23.1,22.72
3,Cf,11K11,2,20,5,17.21,20.32
3,Cf,11K11,3,20,5,21.57,21.79
3,Cf,11K17,1,20,5,26.56,24.98
3,Cf,11K17,2,20,5,24.76,24.66
3,Cf,11K17,3,20,5,23.24,25.35
3,Cf,11J23,1,20,5,24.9,23.76
3,Cf,11J23,2,20,5,20.66,18.41
3,Cf,11J23,3,20,5,25.23,25.56
3,Cf,12D46,1,20,5,23.51,21.73
3,Cf,12D46,2,20,5,25.2,26.09
3,Cf,12D46,3,20,5,23.53,25.9
3,Cf,12J05,1,20,5,20.21,20.2
3,Cf,12J05,2,20,5,16.71,16.03
3,Cf,12J05,3,20,5,22.28,23.49
3,Cf,12J41,1,20,5,21.23,20.85
3,Cf,12J41,2,20,5,16.87,18.14
3,Cf,12J41,3,20,5,22.17,21.25
3,Cf,11K11,1,25,5,31.12,31.19
3,Cf,11K11,2,25,5,31.57,31.42
3,Cf,11K11,3,25,5,30.49,30.55
3,Cf,11K17,1,25,5,31.7,31.96
3,Cf,11K17,2,25,5,31.82,30.02
3,Cf,11K17,3,25,5,30.41,30.4
3,Cf,11J23,1,25,5,33.19,32.12
3,Cf,11J23,2,25,5,33.58,32.81
3,Cf,11J23,3,25,5,30.74,30.67
3,Cf,12D46,1,25,5,31.97,NA
3,Cf,12D46,2,25,5,34.86,33.29
3,Cf,12D46,3,25,5,34.93,34.37
3,Cf,12J05,1,25,5,31.08,31.63
3,Cf,12J05,2,25,5,32.88,32.28
3,Cf,12J05,3,25,5,31.06,30.42
3,Cf,12J41,1,25,5,32.27,32.38
3,Cf,12J41,2,25,5,28.26,29.95
3,Cf,12J41,3,25,5,31.62,32.45
3,Cf,11K11,1,30,5,22.29,20.91
3,Cf,11K11,2,30,5,22.31,22.38
3,Cf,11K11,3,30,5,19.15,19.55
3,Cf,11K17,1,30,5,19.71,19.19
3,Cf,11K17,2,30,5,17.29,17.93
3,Cf,11K17,3,30,5,18.66,19.22
3,Cf,11J23,1,30,5,21.95,18.77
3,Cf,11J23,2,30,5,23.89,22.12
3,Cf,11J23,3,30,5,21.8,23.53
3,Cf,12D46,1,30,5,22.12,22.85
3,Cf,12D46,2,30,5,23.5,24.43
3,Cf,12D46,3,30,5,22.2,23.2
3,Cf,12J05,1,30,5,20.16,20.13
3,Cf,12J05,2,30,5,19.79,20.19
3,Cf,12J05,3,30,5,20.31,19.85
3,Cf,12J41,1,30,5,20.63,22.31
3,Cf,12J41,2,30,5,19.16,19.61
3,Cf,12J41,3,30,5,17.99,14.86
3,Cf,11K11,1,35,5,4,4
3,Cf,11K11,2,35,5,4,4
3,Cf,11K11,3,35,5,4,4
3,Cf,11K17,1,35,5,4,4
3,Cf,11K17,2,35,5,4,4
3,Cf,11K17,3,35,5,4,4
3,Cf,11J23,1,35,5,4,4
3,Cf,11J23,2,35,5,4,4
3,Cf,11J23,3,35,5,4,4
3,Cf,12D46,1,35,5,4,4
3,Cf,12D46,2,35,5,4,4
3,Cf,12D46,3,35,5,4,4
3,Cf,12J05,1,35,5,NA,NA
3,Cf,12J05,2,35,5,4,4
3,Cf,12J05,3,35,5,4,4
3,Cf,12J41,1,35,5,4,4
3,Cf,12J41,2,35,5,4,4
3,Cf,12J41,3,35,5,4,4
3,Cf,11K11,1,10,6,6.16,5.68
3,Cf,11K11,2,10,6,6.72,5.58
3,Cf,11K11,3,10,6,7.31,6.1
3,Cf,11K17,1,10,6,6.41,5.77
3,Cf,11K17,2,10,6,6.94,6.45
3,Cf,11K17,3,10,6,6.42,6.27
3,Cf,11J23,1,10,6,7.58,7.3
3,Cf,11J23,2,10,6,6.41,6.58
3,Cf,11J23,3,10,6,5.96,6.87
3,Cf,12D46,1,10,6,7.24,5.68
3,Cf,12D46,2,10,6,6.73,6.87
3,Cf,12D46,3,10,6,6.43,7.05
3,Cf,12J05,1,10,6,6.4,6.42
3,Cf,12J05,2,10,6,7.48,6.02
3,Cf,12J05,3,10,6,6.27,6.2
3,Cf,12J41,1,10,6,5.7,5.99
3,Cf,12J41,2,10,6,5.29,5.21
3,Cf,12J41,3,10,6,5.29,5.94
3,Cf,11K11,1,15,6,9.55,9.38
3,Cf,11K11,2,15,6,12.08,11.99
3,Cf,11K11,3,15,6,14.78,14.33
3,Cf,11K17,1,15,6,13.45,13.31
3,Cf,11K17,2,15,6,12.93,13.24
3,Cf,11K17,3,15,6,12.3,12.84
3,Cf,11J23,1,15,6,11.7,10.47
3,Cf,11J23,2,15,6,12.58,11.54
3,Cf,11J23,3,15,6,12.2,11.43
3,Cf,12D46,1,15,6,16.66,17.32
3,Cf,12D46,2,15,6,11.08,12.76
3,Cf,12D46,3,15,6,12.58,12.26
3,Cf,12J05,1,15,6,10.49,8.88
3,Cf,12J05,2,15,6,12.45,11.81
3,Cf,12J05,3,15,6,11.83,13.69
3,Cf,12J41,1,15,6,12.48,12.4
3,Cf,12J41,2,15,6,9.93,10.49
3,Cf,12J41,3,15,6,13.17,13.98
3,Cf,11K11,1,20,6,29.07,29.04
3,Cf,11K11,2,20,6,25.79,24.04
3,Cf,11K11,3,20,6,26.25,28.4
3,Cf,11K17,1,20,6,32.19,31.06
3,Cf,11K17,2,20,6,30.79,30.5
3,Cf,11K17,3,20,6,30.54,30.64
3,Cf,11J23,1,20,6,30.46,29.46
3,Cf,11J23,2,20,6,27.34,24.67
3,Cf,11J23,3,20,6,30.86,31.74
3,Cf,12D46,1,20,6,26.63,29.73
3,Cf,12D46,2,20,6,31.26,30.91
3,Cf,12D46,3,20,6,29.55,31.88
3,Cf,12J05,1,20,6,26.05,26.04
3,Cf,12J05,2,20,6,21.85,22.07
3,Cf,12J05,3,20,6,28.69,29.58
3,Cf,12J41,1,20,6,26.05,26.28
3,Cf,12J41,2,20,6,24.24,22
3,Cf,12J41,3,20,6,26.92,27.86
3,Cf,11K11,1,25,6,38.73,39.25
3,Cf,11K11,2,25,6,39.59,39.07
3,Cf,11K11,3,25,6,37.82,37.17
3,Cf,11K17,1,25,6,39.59,38.53
3,Cf,11K17,2,25,6,38.75,36.62
3,Cf,11K17,3,25,6,38.62,37.28
3,Cf,11J23,1,25,6,39.25,39.95
3,Cf,11J23,2,25,6,41.07,40.54
3,Cf,11J23,3,25,6,38.24,38.08
3,Cf,12D46,1,25,6,39.12,NA
3,Cf,12D46,2,25,6,41.56,42.57
3,Cf,12D46,3,25,6,42.22,41.94
3,Cf,12J05,1,25,6,38.46,39.04
3,Cf,12J05,2,25,6,40.6,39.51
3,Cf,12J05,3,25,6,38.56,38.4
3,Cf,12J41,1,25,6,40.2,40.04
3,Cf,12J41,2,25,6,35.69,36.97
3,Cf,12J41,3,25,6,38.36,39.37
3,Cf,11K11,1,30,6,26.2,24.88
3,Cf,11K11,2,30,6,26.9,25.82
3,Cf,11K11,3,30,6,24.13,24.77
3,Cf,11K17,1,30,6,24.08,23.24
3,Cf,11K17,2,30,6,21.71,22.16
3,Cf,11K17,3,30,6,23.09,23.17
3,Cf,11J23,1,30,6,26.39,23.96
3,Cf,11J23,2,30,6,28.08,26.55
3,Cf,11J23,3,30,6,27.55,26.24
3,Cf,12D46,1,30,6,27.46,26.66
3,Cf,12D46,2,30,6,28.26,27.24
3,Cf,12D46,3,30,6,27.41,25.25
3,Cf,12J05,1,30,6,23.66,23.13
3,Cf,12J05,2,30,6,25.01,23.51
3,Cf,12J05,3,30,6,23.85,24.21
3,Cf,12J41,1,30,6,26.98,24.93
3,Cf,12J41,2,30,6,23.54,22.75
3,Cf,12J41,3,30,6,21.97,18.77
3,Cf,11K11,1,35,6,4,4
3,Cf,11K11,2,35,6,4,4
3,Cf,11K11,3,35,6,4,4
3,Cf,11K17,1,35,6,4,4
3,Cf,11K17,2,35,6,4,4
3,Cf,11K17,3,35,6,4,4
3,Cf,11J23,1,35,6,4,4
3,Cf,11J23,2,35,6,4,4
3,Cf,11J23,3,35,6,4,4
3,Cf,12D46,1,35,6,4,4
3,Cf,12D46,2,35,6,4,4
3,Cf,12D46,3,35,6,4,4
3,Cf,12J05,1,35,6,4,4
3,Cf,12J05,2,35,6,4,4
3,Cf,12J05,3,35,6,4,4
3,Cf,12J41,1,35,6,4,4
3,Cf,12J41,2,35,6,4,4
3,Cf,12J41,3,35,6,4,4
3,Cf,11K11,1,10,7,6.7,6.28
3,Cf,11K11,2,10,7,7.83,6.12
3,Cf,11K11,3,10,7,8.45,8.29
3,Cf,11K17,1,10,7,7.31,6.13
3,Cf,11K17,2,10,7,6.95,6.91
3,Cf,11K17,3,10,7,6.58,6.88
3,Cf,11J23,1,10,7,8.29,8
3,Cf,11J23,2,10,7,7.34,7.3
3,Cf,11J23,3,10,7,6.29,7.1
3,Cf,12D46,1,10,7,7.51,7.19
3,Cf,12D46,2,10,7,7.3,7.78
3,Cf,12D46,3,10,7,8.02,7.21
3,Cf,12J05,1,10,7,7.21,6.97
3,Cf,12J05,2,10,7,8.53,6.93
3,Cf,12J05,3,10,7,7.19,7.05
3,Cf,12J41,1,10,7,6.5,6.61
3,Cf,12J41,2,10,7,5.99,5.41
3,Cf,12J41,3,10,7,5.92,5.9
3,Cf,11K11,1,15,7,10.01,10.64
3,Cf,11K11,2,15,7,13.79,13.97
3,Cf,11K11,3,15,7,16.67,16.21
3,Cf,11K17,1,15,7,15.19,15.34
3,Cf,11K17,2,15,7,15.47,15.24
3,Cf,11K17,3,15,7,15.06,14.55
3,Cf,11J23,1,15,7,13.32,12.04
3,Cf,11J23,2,15,7,15.65,14.29
3,Cf,11J23,3,15,7,13.44,12.04
3,Cf,12D46,1,15,7,19.99,18.23
3,Cf,12D46,2,15,7,14.98,13.06
3,Cf,12D46,3,15,7,14.79,15.66
3,Cf,12J05,1,15,7,11.91,10.25
3,Cf,12J05,2,15,7,14.17,13.7
3,Cf,12J05,3,15,7,16.08,13.21
3,Cf,12J41,1,15,7,13.67,13.72
3,Cf,12J41,2,15,7,11.9,11.04
3,Cf,12J41,3,15,7,14.8,15.19
3,Cf,11K11,1,20,7,33.34,33.25
3,Cf,11K11,2,20,7,28.68,30.08
3,Cf,11K11,3,20,7,32.71,30.64
3,Cf,11K17,1,20,7,35.32,36.44
3,Cf,11K17,2,20,7,34.88,34.01
3,Cf,11K17,3,20,7,34.66,35.53
3,Cf,11J23,1,20,7,33.73,33.89
3,Cf,11J23,2,20,7,31.27,30.27
3,Cf,11J23,3,20,7,35.66,35.78
3,Cf,12D46,1,20,7,34.24,32.77
3,Cf,12D46,2,20,7,36.02,36.06
3,Cf,12D46,3,20,7,36.65,34.77
3,Cf,12J05,1,20,7,30.25,29.91
3,Cf,12J05,2,20,7,26.73,25.6
3,Cf,12J05,3,20,7,33.94,32.29
3,Cf,12J41,1,20,7,30.83,30.95
3,Cf,12J41,2,20,7,28.02,26.26
3,Cf,12J41,3,20,7,32.06,31.31
3,Cf,11K11,1,25,7,44.74,44.06
3,Cf,11K11,2,25,7,44.14,44.91
3,Cf,11K11,3,25,7,43.13,43.72
3,Cf,11K17,1,25,7,44.12,45.35
3,Cf,11K17,2,25,7,44.52,42.07
3,Cf,11K17,3,25,7,43.31,44.34
3,Cf,11J23,1,25,7,46.33,45
3,Cf,11J23,2,25,7,45.88,46.01
3,Cf,11J23,3,25,7,43.66,44.08
3,Cf,12D46,1,25,7,44.73,NA
3,Cf,12D46,2,25,7,47.59,47.12
3,Cf,12D46,3,25,7,47.51,46.89
3,Cf,12J05,1,25,7,44.23,44.58
3,Cf,12J05,2,25,7,45.19,45.03
3,Cf,12J05,3,25,7,43.66,43.34
3,Cf,12J41,1,25,7,45.4,45.95
3,Cf,12J41,2,25,7,40.36,41.63
3,Cf,12J41,3,25,7,45.4,43.56
3,Cf,11K11,1,30,7,28.66,29.17
3,Cf,11K11,2,30,7,29.43,30.44
3,Cf,11K11,3,30,7,27.56,27
3,Cf,11K17,1,30,7,26.06,26.58
3,Cf,11K17,2,30,7,25.66,25.07
3,Cf,11K17,3,30,7,26.23,26.02
3,Cf,11J23,1,30,7,29.22,26.22
3,Cf,11J23,2,30,7,29.29,30.81
3,Cf,11J23,3,30,7,30.52,29.48
3,Cf,12D46,1,30,7,30.39,29.1
3,Cf,12D46,2,30,7,30.82,31.71
3,Cf,12D46,3,30,7,30.46,28.59
3,Cf,12J05,1,30,7,26.57,26.74
3,Cf,12J05,2,30,7,27.68,26.54
3,Cf,12J05,3,30,7,26.54,27.03
3,Cf,12J41,1,30,7,30.18,27.9
3,Cf,12J41,2,30,7,26.23,26.26
3,Cf,12J41,3,30,7,24.46,21.12
3,Cf,11K11,1,35,7,4,4
3,Cf,11K11,2,35,7,4,4
3,Cf,11K11,3,35,7,4,4
3,Cf,11K17,1,35,7,4,4
3,Cf,11K17,2,35,7,4,4
3,Cf,11K17,3,35,7,4,4
3,Cf,11J23,1,35,7,4,4
3,Cf,11J23,2,35,7,4,4
3,Cf,11J23,3,35,7,4,4
3,Cf,12D46,1,35,7,4,4
3,Cf,12D46,2,35,7,4,4
3,Cf,12D46,3,35,7,4,4
3,Cf,12J05,1,35,7,4,4
3,Cf,12J05,2,35,7,4,4
3,Cf,12J05,3,35,7,4,4
3,Cf,12J41,1,35,7,4,4
3,Cf,12J41,2,35,7,4,4
3,Cf,12J41,3,35,7,4,4
1,Ck,3G23,1,10,1,4,4
1,Ck,3G23,2,10,1,4,4
1,Ck,3G23,3,10,1,4,4
1,Ck,3G23,1,15,1,4.47,4.05
1,Ck,3G23,2,15,1,4.67,4.13
1,Ck,3G23,3,15,1,4.21,4.23
1,Ck,3G23,1,20,1,6.06,5.78
1,Ck,3G23,2,20,1,4,4.05
1,Ck,3G23,3,20,1,6.81,5.93
1,Ck,3G23,1,25,1,5.19,4.87
1,Ck,3G23,2,25,1,6.32,6.22
1,Ck,3G23,3,25,1,7.14,7.33
1,Ck,3G23,1,30,1,6.04,5.54
1,Ck,3G23,2,30,1,6.1,5.9
1,Ck,3G23,3,30,1,5.16,6.06
1,Ck,3G23,1,35,1,4,4
1,Ck,3G23,2,35,1,4,4
1,Ck,3G23,3,35,1,4,4
1,Ck,3G23,1,10,2,4.37,4
1,Ck,3G23,2,10,2,4.23,4.34
1,Ck,3G23,3,10,2,4,4
1,Ck,3G23,1,15,2,6.86,6.49
1,Ck,3G23,2,15,2,6.92,6.74
1,Ck,3G23,3,15,2,6.24,5.57
1,Ck,3G23,1,20,2,11.49,11.4
1,Ck,3G23,2,20,2,8.86,10.44
1,Ck,3G23,3,20,2,12.21,11.55
1,Ck,3G23,1,25,2,10.44,9.09
1,Ck,3G23,2,25,2,12.72,11.89
1,Ck,3G23,3,25,2,14.19,13.48
1,Ck,3G23,1,30,2,11.11,11.02
1,Ck,3G23,2,30,2,11.14,11.26
1,Ck,3G23,3,30,2,11.19,10.3
1,Ck,3G23,1,35,2,4,4
1,Ck,3G23,2,35,2,4,4
1,Ck,3G23,3,35,2,4,4
1,Ck,3G23,1,10,3,5,4.28
1,Ck,3G23,2,10,3,4.97,4.73
1,Ck,3G23,3,10,3,4.27,4.17
1,Ck,3G23,1,15,3,10.65,11.39
1,Ck,3G23,2,15,3,11.27,11.06
1,Ck,3G23,3,15,3,9.18,9.02
1,Ck,3G23,1,20,3,16.55,16.89
1,Ck,3G23,2,20,3,16.26,15.17
1,Ck,3G23,3,20,3,17.57,18.58
1,Ck,3G23,1,25,3,16.93,15.65
1,Ck,3G23,2,25,3,18.28,18.85
1,Ck,3G23,3,25,3,20.39,19.35
1,Ck,3G23,1,30,3,15.92,16.55
1,Ck,3G23,2,30,3,16.68,16.55
1,Ck,3G23,3,30,3,16.47,16.23
1,Ck,3G23,1,35,3,4,4
1,Ck,3G23,2,35,3,4,4
1,Ck,3G23,3,35,3,4,4
1,Ck,3G23,1,10,4,6.07,5.64
1,Ck,3G23,2,10,4,5.66,5.73
1,Ck,3G23,3,10,4,4.74,4.69
1,Ck,3G23,1,15,4,14.91,14.94
1,Ck,3G23,2,15,4,15.02,14.33
1,Ck,3G23,3,15,4,11.89,11.84
1,Ck,3G23,1,20,4,21.9,21.59
1,Ck,3G23,2,20,4,22.47,20.71
1,Ck,3G23,3,20,4,25.47,24.18
1,Ck,3G23,1,25,4,22.24,22.41
1,Ck,3G23,2,25,4,25.03,24.76
1,Ck,3G23,3,25,4,26.34,25.73
1,Ck,3G23,1,30,4,21.08,20.08
1,Ck,3G23,2,30,4,21.33,21.49
1,Ck,3G23,3,30,4,21.72,21.32
1,Ck,3G23,1,35,4,4,4
1,Ck,3G23,2,35,4,4,4
1,Ck,3G23,3,35,4,4,4
1,Ck,3G23,1,10,5,6.93,6.35
1,Ck,3G23,2,10,5,6.73,6.79
1,Ck,3G23,3,10,5,4.68,4.78
1,Ck,3G23,1,15,5,19.57,19.35
1,Ck,3G23,2,15,5,17.38,17.31
1,Ck,3G23,3,15,5,15,15.07
1,Ck,3G23,1,20,5,25.3,25.95
1,Ck,3G23,2,20,5,25.12,27.63
1,Ck,3G23,3,20,5,32.14,30.22
1,Ck,3G23,1,25,5,27.86,28.59
1,Ck,3G23,2,25,5,30.93,30.89
1,Ck,3G23,3,25,5,31.3,31.11
1,Ck,3G23,1,30,5,25.66,24.97
1,Ck,3G23,2,30,5,26.5,26.29
1,Ck,3G23,3,30,5,25.84,26
1,Ck,3G23,1,35,5,4,4
1,Ck,3G23,2,35,5,4,4
1,Ck,3G23,3,35,5,4,4
1,Ck,3G23,1,10,6,8.34,8.33
1,Ck,3G23,2,10,6,8.22,8.41
1,Ck,3G23,3,10,6,5.88,5.81
1,Ck,3G23,1,15,6,23.74,23.16
1,Ck,3G23,2,15,6,21.55,21.12
1,Ck,3G23,3,15,6,17.05,18.14
1,Ck,3G23,1,20,6,30.92,31.99
1,Ck,3G23,2,20,6,35.11,33.42
1,Ck,3G23,3,20,6,39.7,37.84
1,Ck,3G23,1,25,6,35.11,36.5
1,Ck,3G23,2,25,6,39.97,40.56
1,Ck,3G23,3,25,6,38.98,39.8
1,Ck,3G23,1,30,6,31.42,30.62
1,Ck,3G23,2,30,6,32.23,31.91
1,Ck,3G23,3,30,6,32.26,32.05
1,Ck,3G23,1,35,6,4,4
1,Ck,3G23,2,35,6,4,4
1,Ck,3G23,3,35,6,4,4
1,Ck,3G23,1,10,7,10.17,10.12
1,Ck,3G23,2,10,7,10.32,10.33
1,Ck,3G23,3,10,7,7.8,7.91
1,Ck,3G23,1,15,7,27.66,27.73
1,Ck,3G23,2,15,7,23.76,24.84
1,Ck,3G23,3,15,7,19.51,21.32
1,Ck,3G23,1,20,7,36.93,36.72
1,Ck,3G23,2,20,7,36.91,41.61
1,Ck,3G23,3,20,7,45.17,46.13
1,Ck,3G23,1,25,7,46.16,44.69
1,Ck,3G23,2,25,7,48.63,48.78
1,Ck,3G23,3,25,7,49.15,47.47
1,Ck,3G23,1,30,7,36.59,36.53
1,Ck,3G23,2,30,7,37.62,37.77
1,Ck,3G23,3,30,7,37.51,37.61
1,Ck,3G23,1,35,7,4,4
1,Ck,3G23,2,35,7,4,4
1,Ck,3G23,3,35,7,4,4
2,Ck,3G23,1,10,1,4,4
2,Ck,3G23,2,10,1,4,4
2,Ck,3G23,3,10,1,4,4
2,Ck,3G23,1,15,1,4,4
2,Ck,3G23,2,15,1,4,4
2,Ck,3G23,3,15,1,4,4
2,Ck,3G23,1,20,1,4.22,4.2
2,Ck,3G23,2,20,1,4.14,4
2,Ck,3G23,3,20,1,4.19,4.17
2,Ck,3G23,1,25,1,4.52,4.78
2,Ck,3G23,2,25,1,4.09,4.38
2,Ck,3G23,3,25,1,4.7,4.69
2,Ck,3G23,1,30,1,5.19,4.85
2,Ck,3G23,2,30,1,4,4.2
2,Ck,3G23,3,30,1,4.62,4.71
2,Ck,3G23,1,35,1,4,4
2,Ck,3G23,2,35,1,4,4
2,Ck,3G23,3,35,1,4,4
2,Ck,3G23,1,10,2,4,4
2,Ck,3G23,2,10,2,4,4
2,Ck,3G23,3,10,2,4,4
2,Ck,3G23,1,15,2,4.99,4.07
2,Ck,3G23,2,15,2,4.36,4.15
2,Ck,3G23,3,15,2,4.91,4.55
2,Ck,3G23,1,20,2,7.6,7.21
2,Ck,3G23,2,20,2,8.31,6.34
2,Ck,3G23,3,20,2,8.04,7.43
2,Ck,3G23,1,25,2,10.62,9.87
2,Ck,3G23,2,25,2,10.69,8.8
2,Ck,3G23,3,25,2,10.2,9.06
2,Ck,3G23,1,30,2,10.64,10.36
2,Ck,3G23,2,30,2,8.77,8.89
2,Ck,3G23,3,30,2,10.83,10.43
2,Ck,3G23,1,35,2,4,4
2,Ck,3G23,2,35,2,4,4
2,Ck,3G23,3,35,2,4,4
2,Ck,3G23,1,10,3,4.56,4.19
2,Ck,3G23,2,10,3,4.1,4.15
2,Ck,3G23,3,10,3,4.53,4.02
2,Ck,3G23,1,15,3,7.68,6.78
2,Ck,3G23,2,15,3,6.6,6.23
2,Ck,3G23,3,15,3,7.51,7.23
2,Ck,3G23,1,20,3,11.1,10.83
2,Ck,3G23,2,20,3,11.91,10.12
2,Ck,3G23,3,20,3,11.76,10.42
2,Ck,3G23,1,25,3,14.78,15.39
2,Ck,3G23,2,25,3,14.17,15.97
2,Ck,3G23,3,25,3,14.78,13.1
2,Ck,3G23,1,30,3,14.74,14.93
2,Ck,3G23,2,30,3,12.55,12.72
2,Ck,3G23,3,30,3,15.49,14.73
2,Ck,3G23,1,35,3,4.6,4.7
2,Ck,3G23,2,35,3,5.23,4.78
2,Ck,3G23,3,35,3,4,4
2,Ck,3G23,1,10,4,6.14,4.87
2,Ck,3G23,2,10,4,4.61,4.39
2,Ck,3G23,3,10,4,5.22,4.06
2,Ck,3G23,1,15,4,10.81,11.15
2,Ck,3G23,2,15,4,9.8,10.43
2,Ck,3G23,3,15,4,11.72,11.23
2,Ck,3G23,1,20,4,17.47,15.74
2,Ck,3G23,2,20,4,16.08,17.98
2,Ck,3G23,3,20,4,15.92,16.8
2,Ck,3G23,1,25,4,24.01,23.7
2,Ck,3G23,2,25,4,24.73,26.69
2,Ck,3G23,3,25,4,21.89,22.43
2,Ck,3G23,1,30,4,23.1,23.16
2,Ck,3G23,2,30,4,21.69,21.51
2,Ck,3G23,3,30,4,22.65,21.86
2,Ck,3G23,1,35,4,5.76,5.4
2,Ck,3G23,2,35,4,5.66,6.24
2,Ck,3G23,3,35,4,6.28,4.93
2,Ck,3G23,1,10,5,6.72,5.67
2,Ck,3G23,2,10,5,5.17,4.91
2,Ck,3G23,3,10,5,5.94,4.98
2,Ck,3G23,1,15,5,12.78,13.37
2,Ck,3G23,2,15,5,11.89,12.22
2,Ck,3G23,3,15,5,13.31,12.58
2,Ck,3G23,1,20,5,20.71,20.95
2,Ck,3G23,2,20,5,21.61,20.52
2,Ck,3G23,3,20,5,20.29,20.77
2,Ck,3G23,1,25,5,28.62,29.14
2,Ck,3G23,2,25,5,30.62,30.4
2,Ck,3G23,3,25,5,27.02,26.06
2,Ck,3G23,1,30,5,27.36,27.59
2,Ck,3G23,2,30,5,25.71,26.11
2,Ck,3G23,3,30,5,27.24,26.76
2,Ck,3G23,1,35,5,6.11,5.54
2,Ck,3G23,2,35,5,5.49,6.15
2,Ck,3G23,3,35,5,6.55,4.89
2,Ck,3G23,1,10,6,8.54,7.07
2,Ck,3G23,2,10,6,6.1,6.93
2,Ck,3G23,3,10,6,7.82,7.97
2,Ck,3G23,1,15,6,16.54,16
2,Ck,3G23,2,15,6,16.27,15.97
2,Ck,3G23,3,15,6,15,15.58
2,Ck,3G23,1,20,6,24.99,26.05
2,Ck,3G23,2,20,6,27,26.68
2,Ck,3G23,3,20,6,25.58,24.24
2,Ck,3G23,1,25,6,39.34,39.52
2,Ck,3G23,2,25,6,30.58,30.33
2,Ck,3G23,3,25,6,34.72,33.72
2,Ck,3G23,1,30,6,34.2,34.24
2,Ck,3G23,2,30,6,31.9,32.22
2,Ck,3G23,3,30,6,34.25,33.57
2,Ck,3G23,1,35,6,7.04,6.01
2,Ck,3G23,2,35,6,6.89,6.23
2,Ck,3G23,3,35,6,7.74,5.94
2,Ck,3G23,1,10,7,9.48,8.21
2,Ck,3G23,2,10,7,8.23,7.38
2,Ck,3G23,3,10,7,9.27,8.89
2,Ck,3G23,1,15,7,19.21,17.93
2,Ck,3G23,2,15,7,18.72,18.31
2,Ck,3G23,3,15,7,17.6,17.26
2,Ck,3G23,1,20,7,29.32,29.57
2,Ck,3G23,2,20,7,31.31,30.84
2,Ck,3G23,3,20,7,29.85,27.06
2,Ck,3G23,1,25,7,42.4,42.54
2,Ck,3G23,2,25,7,44.65,44.24
2,Ck,3G23,3,25,7,40.65,39.67
2,Ck,3G23,1,30,7,39.43,39.81
2,Ck,3G23,2,30,7,37.28,37.09
2,Ck,3G23,3,30,7,39.27,39.21
2,Ck,3G23,1,35,7,7.23,6.02
2,Ck,3G23,2,35,7,6.94,6.32
2,Ck,3G23,3,35,7,7.97,6.02
3,Ck,3G23,1,10,1,4,4
3,Ck,3G23,2,10,1,4,4
3,Ck,3G23,3,10,1,4,4
3,Ck,3G23,1,15,1,4,4
3,Ck,3G23,2,15,1,4.35,4.09
3,Ck,3G23,3,15,1,4,4.05
3,Ck,3G23,1,20,1,4.29,4.17
3,Ck,3G23,2,20,1,4.92,4.94
3,Ck,3G23,3,20,1,4.85,4.83
3,Ck,3G23,1,25,1,4.42,4.09
3,Ck,3G23,2,25,1,4.85,4.79
3,Ck,3G23,3,25,1,4.76,4.82
3,Ck,3G23,1,30,1,5.07,4.8
3,Ck,3G23,2,30,1,4.56,4.96
3,Ck,3G23,3,30,1,4.89,4.29
3,Ck,3G23,1,35,1,4,4
3,Ck,3G23,2,35,1,4,4
3,Ck,3G23,3,35,1,4,4
3,Ck,3G23,1,10,2,4.3,4.25
3,Ck,3G23,2,10,2,4,4
3,Ck,3G23,3,10,2,4,4
3,Ck,3G23,1,15,2,4,4
3,Ck,3G23,2,15,2,5.03,5.13
3,Ck,3G23,3,15,2,4.99,4.98
3,Ck,3G23,1,20,2,6.77,8.35
3,Ck,3G23,2,20,2,9.77,9.3
3,Ck,3G23,3,20,2,7.43,8.42
3,Ck,3G23,1,25,2,9.94,9.39
3,Ck,3G23,2,25,2,7.22,7.14
3,Ck,3G23,3,25,2,9.7,9.61
3,Ck,3G23,1,30,2,11.14,10.12
3,Ck,3G23,2,30,2,10.04,10.24
3,Ck,3G23,3,30,2,9.76,10.96
3,Ck,3G23,1,35,2,4,4
3,Ck,3G23,2,35,2,5.42,4
3,Ck,3G23,3,35,2,4,4
3,Ck,3G23,1,10,3,4.75,4.56
3,Ck,3G23,2,10,3,4.29,4.17
3,Ck,3G23,3,10,3,4.2,4.49
3,Ck,3G23,1,15,3,6.3,5.38
3,Ck,3G23,2,15,3,9.05,8.23
3,Ck,3G23,3,15,3,9.35,7.73
3,Ck,3G23,1,20,3,10.62,11.65
3,Ck,3G23,2,20,3,13.25,13.07
3,Ck,3G23,3,20,3,11.76,11.3
3,Ck,3G23,1,25,3,15.16,14.74
3,Ck,3G23,2,25,3,11.3,11.24
3,Ck,3G23,3,25,3,13.41,14.07
3,Ck,3G23,1,30,3,15.57,14.62
3,Ck,3G23,2,30,3,14.74,14.05
3,Ck,3G23,3,30,3,15.7,14.43
3,Ck,3G23,1,35,3,4,4
3,Ck,3G23,2,35,3,10.62,11.13
3,Ck,3G23,3,35,3,4.88,4.63
3,Ck,3G23,1,10,4,5.04,5.31
3,Ck,3G23,2,10,4,4.97,4.92
3,Ck,3G23,3,10,4,5.18,4.72
3,Ck,3G23,1,15,4,9.51,10.15
3,Ck,3G23,2,15,4,13.21,13.18
3,Ck,3G23,3,15,4,13.69,13.19
3,Ck,3G23,1,20,4,16.69,17.91
3,Ck,3G23,2,20,4,18.54,18.41
3,Ck,3G23,3,20,4,16.83,17.36
3,Ck,3G23,1,25,4,25.06,25.06
3,Ck,3G23,2,25,4,19.61,18.9
3,Ck,3G23,3,25,4,21.25,22.16
3,Ck,3G23,1,30,4,23.07,22.14
3,Ck,3G23,2,30,4,22.38,22.71
3,Ck,3G23,3,30,4,23.43,22.29
3,Ck,3G23,1,35,4,5.53,5.9
3,Ck,3G23,2,35,4,NA,NA
3,Ck,3G23,3,35,4,5.93,4.9
3,Ck,3G23,1,10,5,5.34,5.74
3,Ck,3G23,2,10,5,5.14,4.98
3,Ck,3G23,3,10,5,5.24,5.54
3,Ck,3G23,1,15,5,12.18,11.44
3,Ck,3G23,2,15,5,15.82,15.44
3,Ck,3G23,3,15,5,15.34,16.25
3,Ck,3G23,1,20,5,21.64,21.98
3,Ck,3G23,2,20,5,21.99,21.52
3,Ck,3G23,3,20,5,21.04,21.14
3,Ck,3G23,1,25,5,30.95,30.51
3,Ck,3G23,2,25,5,23.5,24.12
3,Ck,3G23,3,25,5,27.18,27.01
3,Ck,3G23,1,30,5,26.53,27.05
3,Ck,3G23,2,30,5,26.37,26.89
3,Ck,3G23,3,30,5,26.3,27.45
3,Ck,3G23,1,35,5,5.31,6.18
3,Ck,3G23,2,35,5,6.18,5.47
3,Ck,3G23,3,35,5,4,4
3,Ck,3G23,1,10,6,6.56,5.9
3,Ck,3G23,2,10,6,6.75,7.27
3,Ck,3G23,3,10,6,7.92,7.21
3,Ck,3G23,1,15,6,14.53,15.29
3,Ck,3G23,2,15,6,19.1,18.49
3,Ck,3G23,3,15,6,19.98,20.08
3,Ck,3G23,1,20,6,26.79,27.75
3,Ck,3G23,2,20,6,25.97,26.52
3,Ck,3G23,3,20,6,26.64,25.79
3,Ck,3G23,1,25,6,34.97,36.9
3,Ck,3G23,2,25,6,38.19,38.51
3,Ck,3G23,3,25,6,34.59,33.52
3,Ck,3G23,1,30,6,33.28,33.8
3,Ck,3G23,2,30,6,33.57,32.43
3,Ck,3G23,3,30,6,32.36,33.79
3,Ck,3G23,1,35,6,6.71,5.78
3,Ck,3G23,2,35,6,NA,NA
3,Ck,3G23,3,35,6,6.66,5.82
3,Ck,3G23,1,10,7,7.6,6.6
3,Ck,3G23,2,10,7,8.01,8.51
3,Ck,3G23,3,10,7,8.35,8.82
3,Ck,3G23,1,15,7,18.33,17.05
3,Ck,3G23,2,15,7,22.48,23.57
3,Ck,3G23,3,15,7,22.85,22.95
3,Ck,3G23,1,20,7,30.04,32.29
3,Ck,3G23,2,20,7,29.71,29.6
3,Ck,3G23,3,20,7,31.03,30.94
3,Ck,3G23,1,25,7,46.7,45.5
3,Ck,3G23,2,25,7,36.48,36.34
3,Ck,3G23,3,25,7,41.52,41.1
3,Ck,3G23,1,30,7,38.7,39.34
3,Ck,3G23,2,30,7,37.45,38.51
3,Ck,3G23,3,30,7,38.78,38.04
3,Ck,3G23,1,35,7,6.91,6.67
3,Ck,3G23,2,35,7,NA,NA
3,Ck,3G23,3,35,7,7.05,6.07
